Name,Team,POS,Age,GP,MPG,USG%,TO%,FTA,FT%,2PA,2P%,3PA,3P%,eFG%,TS%,PPG,RPG,APG,SPG,BPG,TPG,P+R,P+A,P+R+A,VI,ORtg,DRtg
LeBron James,LAL,F,39.9,10,34.8,26.3,14.6,49,0.816,109,0.55,54,0.444,0.589,0.629,23.2,7.7,8.9,0.6,0.6,2.8,30.9,32.1,39.8,13.4,123.8,113.8
Chris Paul,SAN,G,39.5,10,28.4,16.4,21.5,11,1.0,26,0.615,54,0.37,0.575,0.607,10.3,3.6,8.1,1.1,0.1,2.2,13.9,18.4,22.0,9.4,123.3,108.2
Kyle Lowry,PHI,G,38.6,9,24.8,12.0,18.4,17,0.765,8,0.5,36,0.472,0.67,0.699,8.0,2.6,3.9,1.2,0.4,1.1,10.6,11.9,14.4,7.0,134.9,110.8
Kevin Durant,PHO,F,36.1,9,38.8,27.4,15.7,55,0.836,105,0.619,56,0.429,0.627,0.67,27.6,6.6,3.4,0.8,1.4,3.3,34.1,31.0,37.6,8.8,116.5,110.9
Al Horford,BOS,C-F,38.4,10,26.7,12.5,13.1,3,1.0,20,0.6,46,0.435,0.636,0.646,8.7,5.7,2.4,1.1,0.7,1.0,14.4,11.1,16.8,7.4,126.5,105.5
Mike Conley,MIN,G,37.1,10,23.4,17.5,14.7,15,0.933,25,0.32,50,0.3,0.407,0.46,7.5,2.9,4.6,1.3,0.3,1.3,10.4,12.1,15.0,7.9,109.4,104.9
Russell Westbrook,DEN,G,36.0,10,24.6,24.1,20.6,47,0.702,63,0.381,33,0.303,0.406,0.476,11.1,4.0,5.4,1.5,0.6,2.5,15.1,16.5,20.5,10.1,102.0,105.2
Eric Gordon,PHI,G,35.9,8,20.6,14.5,18.6,16,0.75,16,0.5,23,0.304,0.474,0.532,6.1,0.8,1.5,0.1,0.3,1.1,6.9,7.6,8.4,3.8,101.9,118.8
Brook Lopez,MIL,C,36.6,10,30.5,15.2,15.1,15,0.733,37,0.541,47,0.277,0.47,0.497,9.0,4.6,1.6,1.0,2.1,1.5,13.6,10.6,15.2,5.3,97.2,111.6
Nicolas Batum,LAC,G-F,35.9,10,18.3,9.9,10.2,6,0.667,11,0.545,24,0.292,0.471,0.491,3.7,2.9,2.0,0.6,0.8,0.4,6.6,5.7,8.6,6.1,117.2,101.6
James Harden,LAC,G,35.2,10,34.9,31.4,23.8,79,0.861,85,0.424,81,0.296,0.434,0.528,21.2,8.1,9.0,1.7,1.0,5.2,29.3,30.2,38.3,13.3,104.4,102.4
Stephen Curry,GOL,G,36.7,7,28.3,30.2,19.0,28,0.964,44,0.523,62,0.435,0.599,0.651,22.0,4.6,6.3,1.9,0.4,3.6,26.6,28.3,32.9,12.2,120.1,106.2
DeMar DeRozan,SAC,G-F,35.3,10,38.3,25.6,10.6,66,0.864,153,0.549,24,0.375,0.551,0.612,25.2,3.6,4.0,1.8,0.4,2.1,28.8,29.2,32.8,7.4,120.0,111.2
James Johnson,IND,F,37.7,2,3.0,22.3,33.3,0,0.0,1,1.0,1,0.0,0.5,0.5,1.0,0.0,0.5,0.0,0.5,0.5,1.0,1.5,1.5,0.0,0.0,0.0
Jrue Holiday,BOS,G,34.4,11,30.8,17.1,13.3,17,0.824,53,0.585,57,0.386,0.582,0.604,12.9,3.8,3.7,0.4,0.2,1.5,16.7,16.6,20.5,7.4,119.6,109.5
Patty Mills,UTA,G,36.2,9,15.3,12.1,20.3,3,1.0,7,0.571,24,0.292,0.468,0.495,3.6,0.9,1.4,0.7,0.2,0.9,4.4,5.0,5.9,4.3,94.8,116.3
Garrett Temple,TOR,G-F,38.5,2,4.4,9.4,0.0,0,0.0,1,1.0,1,0.0,0.5,0.5,1.0,0.0,1.0,0.5,0.0,0.0,1.0,2.0,2.0,0.0,137.7,99.9
Kyrie Irving,DAL,G,32.6,10,35.6,25.5,8.2,37,0.865,120,0.533,58,0.552,0.629,0.659,25.6,4.8,4.8,1.6,0.3,1.6,30.4,30.4,35.2,9.4,131.5,111.5
Tristan Thompson,CLE,C-F,33.7,5,5.3,18.5,22.2,5,0.0,7,0.714,0,0.0,0.714,0.543,2.0,1.0,0.2,0.0,0.0,0.4,3.0,2.2,3.2,5.6,81.5,111.4
Jonas Valanciunas,WAS,C,32.5,8,21.0,23.2,18.7,20,0.9,66,0.606,3,0.333,0.601,0.649,12.6,7.1,2.6,0.5,0.6,2.0,19.8,15.3,22.4,11.7,119.3,114.0
Klay Thompson,DAL,G,34.8,10,30.1,19.1,6.1,7,1.0,40,0.55,82,0.354,0.537,0.552,13.8,3.7,2.0,0.6,0.2,0.8,17.5,15.8,19.5,6.2,112.4,114.0
Alec Burks,MIA,G,33.3,5,18.3,10.4,4.7,2,1.0,6,0.167,14,0.643,0.725,0.742,6.2,1.6,1.8,0.6,0.2,0.2,7.8,8.0,9.6,5.7,152.9,117.9
Nikola Vucevic,CHI,C,34.0,10,31.9,21.8,10.1,25,0.88,98,0.633,44,0.477,0.658,0.683,20.9,10.3,3.2,0.6,0.8,1.6,31.2,24.1,34.4,11.1,131.2,108.5
Tobias Harris,DET,F,32.3,11,32.8,18.3,11.7,22,0.773,82,0.585,46,0.261,0.516,0.541,13.5,7.5,2.4,0.8,1.4,1.5,21.1,15.9,23.5,7.6,107.3,104.4
Reggie Jackson,PHI,G,34.6,4,7.4,22.1,13.3,0,0.0,5,0.0,8,0.25,0.231,0.231,1.5,0.5,1.8,0.3,0.0,0.5,2.0,3.3,3.8,6.0,68.4,106.0
Cory Joseph,ORL,G,33.2,7,4.3,19.9,7.1,0,0.0,3,0.0,10,0.4,0.462,0.462,1.7,0.7,0.7,0.1,0.3,0.1,2.4,2.4,3.1,8.8,108.2,105.6
Jimmy Butler,MIA,F,35.2,8,30.5,22.8,13.4,56,0.732,77,0.532,13,0.154,0.489,0.563,16.1,4.8,4.9,1.5,0.3,1.8,20.9,21.0,25.8,9.5,121.8,113.8
Anthony Davis,LAL,F-C,31.7,9,35.1,31.8,10.6,102,0.794,151,0.603,17,0.353,0.595,0.66,31.2,10.4,2.8,1.3,2.0,2.2,41.7,34.0,44.4,11.0,128.1,112.3
Bradley Beal,PHO,G,31.4,8,35.4,19.9,8.5,22,0.773,54,0.574,53,0.358,0.556,0.583,17.0,4.1,3.6,1.4,0.9,1.3,21.1,20.6,24.8,7.1,116.5,108.7
Damian Lillard,MIL,G,34.3,10,35.8,29.3,13.1,77,0.909,86,0.547,92,0.348,0.534,0.614,26.0,4.6,6.6,1.0,0.2,2.7,30.6,32.6,37.2,10.3,122.6,115.0
Andre Drummond,PHI,C,31.3,9,26.2,19.0,22.7,34,0.529,64,0.516,4,0.25,0.507,0.524,9.7,10.7,0.4,1.6,0.4,2.2,20.3,10.1,20.8,5.3,99.4,98.1
Harrison Barnes,SAN,F,32.4,10,28.5,13.5,12.3,17,0.824,39,0.641,32,0.344,0.585,0.618,9.7,3.5,1.5,0.3,0.2,1.0,13.2,11.2,14.7,5.2,121.8,117.4
Draymond Green,GOL,F,34.7,10,27.2,13.9,25.2,27,0.704,28,0.429,31,0.452,0.559,0.6,8.5,5.1,5.1,0.9,1.0,2.0,13.6,13.6,18.7,8.9,118.9,98.1
Alex Len,SAC,C,31.4,7,8.7,9.8,40.9,4,0.5,5,0.6,2,0.0,0.429,0.457,1.1,2.7,0.9,0.3,1.0,0.7,3.9,2.0,4.7,6.4,75.7,96.5
CJ McCollum,NOR,G,33.1,4,34.2,23.5,10.9,6,0.667,31,0.516,34,0.382,0.546,0.554,18.8,3.5,4.0,2.3,1.0,2.0,22.3,22.8,26.3,7.5,109.0,118.3
Dennis Schroder,BRO,G,31.2,10,35.2,23.3,15.1,32,0.875,79,0.506,67,0.463,0.592,0.628,20.1,2.9,6.6,1.5,0.0,2.6,23.0,26.7,29.6,8.3,120.3,110.0
Kentavious Caldwell-Pope,ORL,G,31.7,11,29.3,11.7,7.4,17,1.0,24,0.542,51,0.216,0.393,0.461,6.9,2.5,1.9,1.5,0.7,0.5,9.4,8.8,11.3,4.4,103.1,104.8
Mason Plumlee,PHO,F-C,34.7,10,17.0,10.3,16.6,21,0.476,25,0.68,0,0.0,0.68,0.643,4.4,5.1,1.5,0.4,0.5,0.5,9.5,5.9,11.0,7.6,134.9,100.9
Rudy Gobert,MIN,C,32.4,10,31.6,13.0,19.4,29,0.793,66,0.652,0,0.0,0.652,0.692,10.9,10.7,1.9,0.5,1.4,1.6,21.6,12.8,23.5,7.7,131.6,101.1
Steven Adams,HOU,C,31.3,4,13.3,13.6,35.3,8,0.375,9,0.667,0,0.0,0.667,0.599,3.8,2.8,1.8,0.5,0.0,1.3,6.5,5.5,8.3,8.0,106.3,100.3
Tim Hardaway Jr.,DET,G-F,32.7,11,29.3,15.0,7.7,23,0.87,29,0.448,66,0.47,0.626,0.661,12.6,1.7,2.1,0.5,0.0,0.7,14.4,14.7,16.5,4.9,131.2,113.1
Giannis Antetokounmpo,MIL,F,29.9,9,34.7,35.9,11.2,92,0.554,185,0.622,6,0.167,0.61,0.613,31.6,12.8,5.2,0.4,0.9,2.7,44.3,36.8,49.6,14.8,121.0,105.4
Seth Curry,CHA,G,34.2,9,18.8,13.0,6.0,5,0.6,20,0.4,27,0.444,0.553,0.559,6.1,2.2,0.7,0.6,0.1,0.3,8.3,6.8,9.0,4.5,120.0,109.5
Zach LaVine,CHI,G,29.7,7,34.3,24.7,19.2,31,0.806,52,0.577,53,0.434,0.614,0.649,22.0,5.0,3.3,0.9,0.4,3.6,27.0,25.3,30.3,8.3,108.8,114.7
Jordan Clarkson,UTA,G,32.4,7,23.9,28.0,15.8,29,0.759,44,0.5,41,0.268,0.453,0.506,14.1,3.7,3.3,0.7,0.1,2.3,17.9,17.4,21.1,9.3,100.3,113.9
Gary Harris,ORL,G,30.2,10,17.4,11.8,10.6,3,0.667,10,0.4,32,0.375,0.524,0.531,4.6,1.4,0.5,0.1,0.5,0.5,6.0,5.1,6.5,3.4,101.3,113.4
Spencer Dinwiddie,DAL,G,31.6,9,18.5,12.8,11.0,10,0.7,13,0.462,27,0.296,0.45,0.484,4.8,1.1,2.1,0.2,0.2,0.6,5.9,6.9,8.0,4.8,106.6,111.4
Jerami Grant,POR,F,30.7,11,32.7,23.3,8.7,49,0.776,87,0.46,81,0.333,0.479,0.525,18.1,3.8,1.7,0.8,1.3,1.5,21.9,19.8,23.6,6.0,106.8,116.1
Doug McDermott,SAC,F,32.9,6,6.7,17.5,0.0,5,0.6,1,0.0,13,0.308,0.429,0.463,2.5,0.3,0.0,0.2,0.0,0.0,2.8,2.5,2.8,0.0,97.7,106.3
Aaron Gordon,DEN,F,29.2,7,30.3,17.8,11.3,26,0.846,48,0.521,22,0.545,0.614,0.663,15.4,6.7,3.1,0.7,0.3,1.3,22.1,18.6,25.3,9.0,134.6,112.5
Marcus Smart,MEM,G,30.7,5,19.8,18.7,16.9,11,0.818,16,0.313,18,0.167,0.279,0.36,5.6,2.2,2.8,1.2,0.6,1.4,7.8,8.4,10.6,6.6,87.4,102.1
Kyle Anderson,GOL,F-G,31.1,10,16.7,16.0,5.1,14,0.714,31,0.452,24,0.25,0.418,0.458,5.6,3.7,2.6,1.1,0.7,0.3,9.3,8.2,11.9,9.0,118.5,105.5
Dwight Powell,DAL,F-C,33.3,9,9.3,8.3,29.1,14,0.714,7,0.857,0,0.0,0.857,0.836,2.4,2.3,0.6,0.3,0.4,0.3,4.8,3.0,5.3,6.4,153.2,93.8
Julius Randle,MIN,F-C,30.0,10,33.5,25.2,16.8,51,0.804,99,0.586,44,0.409,0.594,0.638,21.1,6.7,4.6,0.7,0.1,2.9,27.8,25.7,32.4,10.3,121.9,106.6
Andrew Wiggins,GOL,F,29.7,8,26.5,23.1,7.7,33,0.727,56,0.464,39,0.41,0.526,0.566,15.5,4.8,2.3,0.8,0.8,1.0,20.3,17.8,22.5,8.4,120.8,106.9
Dario Saric,DEN,F-C,30.6,5,8.8,14.2,14.1,2,0.5,9,0.222,3,0.0,0.167,0.194,1.0,1.6,0.2,0.2,0.0,0.4,2.6,1.2,2.8,3.1,59.9,113.0
Clint Capela,ATL,C,30.5,11,22.7,16.3,13.4,22,0.727,77,0.649,0,0.0,0.649,0.669,10.5,7.2,1.1,0.4,0.6,1.1,17.7,11.6,18.8,7.7,127.1,112.2
Bogdan Bogdanovic,ATL,G,32.2,1,27.8,13.1,23.7,2,1.0,0,0.0,6,0.333,0.5,0.581,8.0,2.0,2.0,0.0,2.0,2.0,10.0,10.0,12.0,4.6,98.9,115.1
Jusuf Nurkic,PHO,C,30.2,10,24.4,21.6,29.3,37,0.703,43,0.535,29,0.31,0.507,0.561,9.9,10.2,1.2,0.8,0.7,3.0,20.1,11.1,21.3,8.1,92.4,96.3
Vasilije Micic,CHA,G,30.8,3,15.0,20.6,18.2,0,0.0,11,0.182,7,0.143,0.194,0.194,2.3,3.7,1.0,0.3,0.0,1.3,6.0,3.3,7.0,5.4,57.0,114.6
Nikola Jokic,DEN,C,29.7,10,38.1,29.0,17.6,70,0.843,153,0.562,39,0.564,0.62,0.667,29.7,13.7,11.7,1.7,1.0,4.1,43.4,41.4,55.1,17.7,133.4,109.1
Joe Ingles,MIN,F-G,37.1,5,5.2,5.0,33.3,0,0.0,0,0.0,2,0.0,0.0,0.0,0.0,0.4,1.6,0.0,0.0,0.2,0.4,1.6,2.0,0.0,125.6,99.2
T.J. McConnell,IND,G,32.6,9,17.2,23.7,18.0,2,0.5,64,0.625,4,0.25,0.61,0.61,9.3,1.9,4.0,0.9,0.1,1.7,11.2,13.3,15.2,9.6,113.1,118.5
Tyus Jones,PHO,G,28.5,10,32.4,14.1,10.8,4,1.0,43,0.535,47,0.426,0.589,0.599,11.0,3.0,6.3,1.1,0.2,1.1,14.0,17.3,20.3,7.3,128.2,114.1
Delon Wright,MIL,G,32.5,7,13.1,8.2,17.6,0,0.0,7,0.429,7,0.429,0.536,0.536,2.1,0.6,0.9,0.3,0.3,0.4,2.7,3.0,3.6,3.2,99.9,115.7
D'Angelo Russell,LAL,G,28.7,10,29.3,20.3,12.4,20,0.9,52,0.519,61,0.311,0.491,0.53,12.9,2.2,4.9,0.9,0.1,1.6,15.1,17.8,20.0,7.1,109.5,114.6
Karl-Anthony Towns,NYK,C-F,29.0,9,32.9,28.2,9.6,48,0.875,109,0.532,41,0.537,0.607,0.655,24.9,12.3,2.3,0.6,0.9,1.8,37.2,27.2,39.6,10.8,131.1,106.1
Kelly Oubre Jr.,PHI,F-G,28.9,9,31.6,23.9,9.7,28,0.714,83,0.482,47,0.255,0.446,0.478,15.1,4.4,1.4,1.0,0.1,1.6,19.6,16.6,21.0,5.7,98.0,107.6
Devin Booker,PHO,G,28.0,10,37.3,26.5,9.7,62,0.887,95,0.516,81,0.321,0.5,0.568,23.1,3.9,7.3,1.0,0.3,1.9,27.0,30.4,34.3,9.3,121.3,112.1
Cameron Payne,NYK,G,30.3,5,15.4,20.5,5.7,1,0.0,18,0.444,15,0.267,0.424,0.419,5.6,2.0,3.2,0.6,0.2,0.4,7.6,8.8,10.8,8.6,107.9,109.3
Myles Turner,IND,C-F,28.6,9,32.5,24.3,18.6,39,0.692,69,0.507,49,0.408,0.551,0.581,17.4,7.3,1.4,0.9,1.8,3.0,24.8,18.9,26.2,6.9,99.1,107.7
Trey Lyles,SAC,F,29.0,10,14.8,14.8,10.6,8,0.875,11,0.364,31,0.226,0.345,0.395,3.6,3.1,0.6,0.5,0.6,0.5,6.7,4.2,7.3,5.1,86.6,102.7
Bobby Portis,MIL,F,29.8,10,25.1,24.2,10.5,11,0.818,89,0.517,30,0.267,0.487,0.505,12.5,8.2,0.8,0.5,0.6,1.4,20.7,13.3,21.5,6.9,100.4,109.4
Kevon Looney,GOL,F,28.8,9,16.2,15.8,10.4,17,0.647,43,0.488,0,0.0,0.488,0.525,5.9,8.2,1.6,1.0,0.4,0.6,14.1,7.4,15.7,10.5,129.7,86.8
Terry Rozier,MIA,G,30.7,9,32.4,19.8,13.7,22,0.909,49,0.408,58,0.397,0.509,0.553,14.3,4.7,4.0,0.9,0.3,1.9,19.0,18.3,23.0,8.0,110.1,112.7
Norman Powell,LAC,G,31.5,10,34.2,26.9,10.9,45,0.844,88,0.534,83,0.494,0.635,0.668,25.5,3.4,2.4,1.1,0.3,2.1,28.9,27.9,31.3,6.9,124.5,108.7
Pat Connaughton,MIL,G,31.8,10,16.4,13.3,12.9,8,0.875,14,0.5,26,0.269,0.438,0.483,4.2,2.3,1.8,0.2,0.1,0.6,6.5,6.0,8.3,6.3,105.4,113.6
Larry Nance Jr.,ATL,F-C,31.9,6,14.8,16.1,11.7,2,0.5,17,0.706,13,0.692,0.85,0.842,8.7,2.5,1.3,0.7,0.2,0.7,11.2,10.0,12.5,8.2,146.3,111.8
Royce O'Neale,PHO,F,31.4,10,25.9,15.3,10.5,9,0.889,31,0.452,45,0.489,0.618,0.638,10.2,6.7,2.3,0.7,0.9,0.9,16.9,12.5,19.2,8.3,126.8,103.9
Ben Simmons,BRO,G-F,28.3,7,24.8,14.4,41.6,4,0.75,32,0.625,0,0.0,0.625,0.637,6.1,6.0,6.4,0.7,0.6,3.3,12.1,12.6,18.6,9.9,105.9,99.8
Domantas Sabonis,SAC,F-C,28.5,10,36.9,20.0,19.7,54,0.833,97,0.701,21,0.381,0.678,0.723,20.5,12.9,6.9,0.6,0.2,2.9,33.4,27.4,40.3,13.2,136.4,100.1
Malik Beasley,DET,G,28.0,11,26.4,22.1,9.8,18,0.667,44,0.386,84,0.345,0.473,0.489,12.1,2.1,1.6,0.6,0.1,1.3,14.2,13.7,15.8,5.2,98.5,112.2
Kris Dunn,LAC,G,30.7,10,21.1,12.3,17.5,6,0.333,23,0.696,24,0.458,0.691,0.675,6.7,3.9,2.2,1.0,0.2,1.0,10.6,8.9,12.8,7.3,124.2,97.3
Buddy Hield,GOL,G,31.9,10,24.9,23.9,6.6,14,0.857,46,0.522,82,0.488,0.656,0.671,18.0,4.3,2.1,0.8,0.5,0.9,22.3,20.1,24.4,8.8,131.0,103.4
Brandon Ingram,NOR,F,27.2,10,32.6,30.2,14.5,26,0.885,123,0.553,65,0.354,0.545,0.572,22.8,6.0,4.6,0.8,0.6,3.2,28.8,27.4,33.4,10.5,109.1,114.2
Caris LeVert,CLE,G,30.2,9,23.4,18.1,9.8,14,0.643,41,0.659,32,0.469,0.678,0.682,12.0,2.9,4.7,1.2,0.7,0.9,14.9,16.7,19.6,9.3,139.6,109.7
Dejounte Murray,NOR,G,28.1,1,30.0,27.0,6.1,7,0.857,12,0.333,3,0.0,0.267,0.387,14.0,8.0,10.0,1.0,0.0,1.0,22.0,24.0,32.0,13.8,105.2,119.6
Jamal Murray,DEN,G,27.7,7,35.3,22.6,10.1,33,0.848,68,0.441,39,0.333,0.463,0.523,18.1,4.0,4.9,0.9,0.0,1.7,22.1,23.0,27.0,8.0,112.0,115.1
Jakob Poeltl,TOR,C,29.1,11,32.4,18.3,20.0,32,0.688,116,0.569,0,0.0,0.569,0.592,14.0,11.4,3.1,1.0,1.2,2.6,25.4,17.1,28.5,9.8,111.6,110.3
Taurean Prince,MIL,F,30.6,10,29.0,9.5,15.9,0,0.0,19,0.474,34,0.559,0.708,0.708,7.5,5.1,1.9,1.0,0.1,1.0,12.6,9.4,14.5,5.8,126.8,111.4
Jaylen Brown,BOS,G-F,28.0,7,36.2,30.7,8.9,53,0.811,93,0.462,50,0.26,0.437,0.505,24.0,6.9,3.9,1.3,0.4,2.0,30.9,27.9,34.7,9.6,107.3,104.2
Georges Niang,CLE,F,31.4,11,18.6,14.7,13.2,2,0.5,20,0.75,39,0.333,0.585,0.585,6.4,3.2,1.3,0.4,0.3,0.8,9.5,7.6,10.8,6.4,109.6,101.4
Gary Payton II,GOL,G,31.9,10,12.4,14.3,15.3,8,0.625,26,0.846,7,0.286,0.758,0.753,5.5,1.7,1.3,0.7,0.4,0.6,7.2,6.8,8.5,7.4,138.9,99.6
Pascal Siakam,IND,F,30.6,10,33.5,22.4,7.5,27,0.704,100,0.59,47,0.447,0.616,0.629,20.0,6.5,4.5,0.8,0.2,1.2,26.5,24.5,31.0,10.0,128.0,114.0
Damion Lee,PHO,G-F,32.1,1,17.7,10.1,25.0,0,0.0,1,1.0,2,0.0,0.333,0.333,2.0,3.0,2.0,0.0,0.0,1.0,5.0,4.0,7.0,5.2,74.6,110.8
Guerschon Yabusele,PHI,F,28.9,9,21.3,18.6,15.7,14,0.643,27,0.667,37,0.432,0.656,0.663,10.3,4.4,1.8,0.9,0.4,1.3,14.8,12.1,16.6,8.1,122.6,101.8
Ivica Zubac,LAC,C,27.7,10,35.1,19.8,14.0,39,0.615,123,0.569,0,0.0,0.569,0.585,16.4,12.7,2.8,0.8,1.0,2.0,29.1,19.2,31.9,9.5,118.6,101.8
Dorian Finney-Smith,BRO,F,31.5,10,28.9,15.6,13.4,12,0.583,29,0.621,55,0.345,0.554,0.56,10.0,5.0,1.6,1.2,0.6,1.3,15.0,11.6,16.6,6.0,110.7,103.3
Fred VanVleet,HOU,G,30.7,10,35.6,16.9,7.4,24,0.75,54,0.5,71,0.282,0.456,0.487,13.2,3.9,5.8,1.7,0.3,1.0,17.1,19.0,22.9,7.5,116.4,106.1
Derrick Jones Jr.,LAC,F,27.7,10,26.6,16.2,12.6,10,0.8,46,0.543,37,0.405,0.572,0.589,10.3,3.4,1.0,1.1,0.4,1.2,13.7,11.3,14.7,4.9,111.7,100.7
Alex Caruso,OKC,G,30.7,10,19.6,12.0,11.1,5,0.6,21,0.381,27,0.185,0.323,0.339,3.4,3.0,2.5,1.8,0.6,0.6,6.4,5.9,8.9,6.0,90.8,90.5
Lonzo Ball,CHI,G,27.0,3,15.7,14.8,17.6,0,0.0,2,0.5,12,0.333,0.5,0.5,4.7,2.7,3.7,0.0,0.3,1.0,7.3,8.3,11.0,9.2,108.1,110.7
De'Aaron Fox,SAC,G,26.9,10,37.4,28.7,16.4,53,0.868,122,0.582,66,0.273,0.521,0.573,24.2,5.2,4.9,1.7,0.0,3.7,29.4,29.1,34.3,9.1,107.6,106.0
Jayson Tatum,BOS,F-G,26.7,11,36.0,32.8,12.4,99,0.798,98,0.592,128,0.367,0.569,0.623,30.5,7.6,5.0,1.6,0.5,2.9,38.2,35.5,43.2,11.7,121.4,102.3
Malik Monk,SAC,G,26.8,10,25.0,21.3,7.1,26,0.846,61,0.557,43,0.279,0.5,0.546,12.6,3.0,2.8,0.9,0.4,0.8,15.6,15.4,18.4,7.6,113.0,106.7
Jonathan Isaac,ORL,F,27.1,8,14.0,18.3,9.2,12,0.667,19,0.632,20,0.25,0.5,0.531,5.9,3.6,0.3,0.8,0.6,0.5,9.5,6.1,9.8,5.3,111.9,104.2
Lauri Markkanen,UTA,F-C,27.5,6,29.7,23.7,11.4,35,0.857,44,0.318,33,0.424,0.455,0.541,16.7,7.0,2.5,0.8,0.0,1.7,23.7,19.2,26.2,8.9,113.1,115.6
Donovan Mitchell,CLE,G,28.2,11,30.3,31.1,12.8,42,0.857,106,0.519,84,0.405,0.558,0.595,22.5,3.0,3.8,1.3,0.2,2.5,25.5,26.4,29.4,8.4,111.8,107.7
Zach Collins,SAN,F-C,27.0,10,14.0,17.7,17.5,14,0.929,25,0.44,17,0.471,0.548,0.613,5.9,3.2,2.1,0.7,0.2,0.9,9.1,8.0,11.2,9.7,124.3,97.1
John Collins,UTA,F-C,27.1,9,24.3,27.0,18.1,26,0.962,82,0.549,26,0.346,0.542,0.594,15.8,7.4,2.6,1.0,0.8,2.7,23.2,18.3,25.8,11.1,109.4,102.2
O.G. Anunoby,NYK,F-G,27.3,9,36.0,17.6,9.4,24,0.833,57,0.526,49,0.408,0.566,0.601,15.6,4.4,2.7,1.7,0.6,1.2,20.0,18.2,22.7,6.3,121.3,113.0
Jarrett Allen,CLE,C,26.6,11,29.7,16.9,13.0,43,0.721,93,0.656,0,0.0,0.656,0.684,13.9,11.1,1.7,0.9,1.4,1.3,25.0,15.6,26.7,8.6,133.1,104.8
Bam Adebayo,MIA,C-F,27.3,9,33.9,22.6,8.6,46,0.674,105,0.429,22,0.182,0.402,0.452,14.8,8.8,4.0,1.9,1.4,1.3,23.6,18.8,27.6,9.5,105.8,109.1
Kyle Kuzma,WAS,F,29.3,3,30.8,29.7,11.8,16,0.75,34,0.353,18,0.278,0.375,0.432,17.0,7.0,3.7,0.3,0.3,2.3,24.0,20.7,27.7,9.9,91.6,122.0
Derrick White,BOS,G,30.4,11,34.5,20.2,8.5,28,0.893,53,0.585,98,0.408,0.603,0.634,18.8,4.5,4.4,1.0,1.2,1.3,23.4,23.2,27.7,8.3,130.2,105.3
Josh Hart,NYK,G,29.7,9,36.7,14.9,17.1,25,0.84,51,0.745,31,0.29,0.628,0.667,13.8,9.0,5.1,1.1,0.2,1.9,22.8,18.9,27.9,9.4,132.5,112.0
Dillon Brooks,HOU,G-F,28.8,10,31.9,15.5,3.6,17,0.941,55,0.436,53,0.358,0.486,0.524,12.1,3.6,0.7,0.6,0.2,0.4,15.7,12.8,16.4,3.9,116.7,105.8
Thomas Bryant,MIA,C-F,27.3,7,12.7,11.8,4.5,5,1.0,10,0.6,11,0.364,0.571,0.625,4.1,3.6,0.6,0.1,0.7,0.1,7.7,4.7,8.3,6.5,136.2,107.5
Monte Morris,PHO,G,29.4,6,9.3,17.1,5.5,8,0.75,7,0.429,10,0.3,0.441,0.512,3.5,1.2,1.5,0.5,0.2,0.2,4.7,5.0,6.2,7.9,121.9,114.2
Vlatko Cancar,DEN,F,27.6,1,1.6,0.0,0.0,0,0.0,0,0.0,0,0.0,0.0,0.0,0.0,1.0,0.0,0.0,0.0,0.0,1.0,0.0,1.0,0.0,0.0,0.0
Luke Kornet,BOS,C-F,29.3,10,16.9,9.0,14.1,17,0.941,24,0.583,0,0.0,0.583,0.699,4.4,4.0,1.4,0.5,0.8,0.4,8.4,5.8,9.8,6.9,156.7,103.0
Chris Boucher,TOR,F,31.8,11,18.8,21.7,6.1,27,0.704,49,0.673,43,0.326,0.587,0.611,11.5,4.3,0.9,0.5,0.7,0.5,15.8,12.5,16.7,7.5,123.7,117.8
Daniel Theis,NOR,F-C,32.6,10,14.9,12.7,19.4,8,0.75,23,0.522,10,0.2,0.455,0.493,3.6,3.5,1.5,0.3,0.7,0.8,7.1,5.1,8.6,7.2,102.5,112.3
Maxi Kleber,DAL,F,32.8,2,15.6,6.9,0.0,0,0.0,3,0.333,2,0.5,0.5,0.5,2.5,2.5,1.5,0.0,0.5,0.0,5.0,4.0,6.5,5.4,125.4,106.9
Grayson Allen,PHO,G,29.1,8,20.2,20.4,10.1,12,0.917,15,0.333,47,0.319,0.444,0.49,8.3,2.3,1.1,0.9,0.5,0.9,10.5,9.4,11.6,5.5,98.2,110.9
Marvin Bagley III,WAS,F,25.7,6,6.9,25.3,17.9,7,0.714,15,0.6,3,0.0,0.5,0.546,3.8,2.8,0.2,0.0,0.2,0.7,6.7,4.0,6.8,7.5,104.0,121.0
Mikal Bridges,NYK,G-F,28.2,9,37.8,18.3,10.3,8,0.5,59,0.627,63,0.317,0.549,0.55,15.3,3.6,3.4,1.2,0.7,1.6,18.9,18.8,22.3,6.1,112.3,116.8
Miles Bridges,CHA,F,26.6,8,30.5,22.1,11.3,30,0.833,57,0.491,45,0.267,0.451,0.508,14.6,6.8,2.5,0.5,0.5,1.6,21.4,17.1,23.9,8.2,106.3,112.4
Jalen Brunson,NYK,G,28.2,9,34.5,30.0,8.6,53,0.811,122,0.5,48,0.417,0.535,0.582,25.0,2.9,6.6,0.4,0.0,1.8,27.9,31.6,34.4,9.1,123.7,116.6
Jevon Carter,CHI,G,29.2,4,5.3,11.8,0.0,0,0.0,2,0.5,4,0.25,0.417,0.417,1.3,0.5,0.5,0.3,0.0,0.0,1.8,1.8,2.3,5.2,108.6,119.3
Wendell Carter Jr.,ORL,C-F,25.6,6,26.4,13.2,7.3,18,0.778,22,0.682,16,0.125,0.474,0.544,8.3,8.8,2.2,1.3,0.3,0.5,17.2,10.5,19.3,8.2,123.9,98.4
Donte DiVincenzo,MIN,G,27.8,10,27.5,19.5,15.3,14,0.786,23,0.478,76,0.329,0.49,0.514,10.8,3.6,3.7,1.6,0.4,1.8,14.4,14.5,18.1,7.6,104.9,105.1
Bruno Fernando,TOR,F-C,26.2,8,7.9,18.0,22.7,4,1.0,20,0.5,0,0.0,0.5,0.551,3.0,2.5,0.9,0.1,0.6,0.8,5.5,3.9,6.4,9.6,107.8,93.7
Shai Gilgeous-Alexander,OKC,G,26.3,10,32.6,32.2,13.7,71,0.887,136,0.574,53,0.264,0.524,0.593,26.1,5.8,6.2,1.4,1.0,3.0,31.9,32.3,38.1,12.0,116.6,101.2
Aaron Holiday,HOU,G,28.1,4,7.8,12.4,10.6,1,1.0,3,0.333,5,0.4,0.5,0.533,2.3,0.5,1.8,0.3,0.0,0.3,2.8,4.0,4.5,6.5,128.2,116.7
Kevin Huerter,SAC,G-F,26.2,8,26.1,16.1,7.7,2,1.0,23,0.739,48,0.375,0.62,0.626,11.3,3.4,2.0,1.0,0.6,0.8,14.6,13.3,16.6,6.5,121.9,102.1
Jaren Jackson Jr.,MEM,F-C,25.2,9,27.7,27.5,12.7,46,0.739,86,0.628,44,0.409,0.623,0.652,21.8,5.4,1.0,1.4,1.2,2.1,27.2,22.8,28.2,7.1,116.8,99.3
Caleb Martin,PHI,F,29.1,9,33.9,16.4,20.8,44,0.659,50,0.4,26,0.308,0.421,0.488,10.3,6.0,3.0,0.9,0.3,2.2,16.3,13.3,19.3,6.7,100.3,112.2
Cody Martin,CHA,F,29.1,10,25.0,15.3,10.4,12,0.833,37,0.595,40,0.375,0.578,0.602,9.9,4.5,2.1,0.9,0.4,0.9,14.4,12.0,16.5,7.3,123.8,108.8
De'Anthony Melton,GOL,G,26.5,5,18.9,23.6,15.9,8,0.5,13,0.385,29,0.379,0.512,0.516,9.4,3.2,2.6,1.2,0.4,1.6,12.6,12.0,15.2,9.1,104.0,93.9
Shake Milton,BRO,G,28.1,8,9.2,8.9,6.9,2,1.0,1,0.0,12,0.333,0.462,0.504,1.8,0.9,0.8,0.3,0.0,0.1,2.6,2.5,3.4,4.7,118.7,109.5
Michael Porter Jr.,DEN,F,26.4,10,36.8,18.3,7.2,20,0.75,65,0.554,76,0.408,0.585,0.601,18.0,7.0,2.9,1.1,0.5,1.1,25.0,20.9,27.9,7.8,122.4,111.9
Collin Sexton,UTA,G,25.9,9,25.8,25.7,20.1,47,0.894,72,0.486,27,0.37,0.505,0.593,15.8,2.4,3.1,0.9,0.2,2.8,18.2,18.9,21.3,7.6,108.7,111.5
Anfernee Simons,POR,G,25.4,11,32.0,25.6,14.1,36,0.917,90,0.456,86,0.302,0.455,0.503,17.5,2.1,4.6,0.8,0.1,2.6,19.6,22.2,24.3,6.9,101.7,119.1
Gary Trent Jr.,MIL,G,25.8,8,26.8,15.2,10.2,14,0.929,22,0.409,39,0.231,0.369,0.432,7.3,1.4,0.9,0.8,0.0,0.9,8.6,8.1,9.5,3.1,85.8,111.0
Moritz Wagner,ORL,F-C,27.5,11,18.2,27.2,17.5,45,0.778,61,0.623,28,0.286,0.562,0.62,12.3,4.6,0.9,0.6,0.3,1.7,16.9,13.2,17.8,8.1,108.9,97.0
P.J. Washington,DAL,F,26.2,7,32.5,14.7,10.8,8,0.375,35,0.6,31,0.226,0.477,0.475,9.4,7.7,1.4,1.6,1.3,1.1,17.1,10.9,18.6,5.7,98.9,105.3
Trae Young,ATL,G,26.1,11,36.6,29.6,19.6,78,0.885,103,0.447,102,0.333,0.473,0.549,23.9,4.2,11.5,1.3,0.2,4.5,28.1,35.5,39.6,11.5,112.1,118.9
Deandre Ayton,POR,C,26.3,11,29.3,19.1,10.9,8,0.625,118,0.534,13,0.385,0.538,0.543,13.3,10.5,1.0,0.9,0.5,1.5,23.8,14.3,24.8,7.1,107.7,109.7
Luka Doncic,DAL,F-G,25.7,10,37.6,34.0,11.7,74,0.784,134,0.47,99,0.333,0.483,0.533,28.3,8.1,8.1,1.3,0.4,3.1,36.4,36.4,44.5,13.1,111.1,104.5
Goga Bitadze,ORL,C-F,25.3,7,17.4,14.4,12.7,5,0.6,30,0.733,4,0.0,0.647,0.649,6.7,6.7,1.9,0.4,1.1,0.7,13.4,8.6,15.3,10.1,134.4,99.8
Rui Hachimura,LAL,F,26.8,9,33.7,16.2,5.6,18,0.833,68,0.353,32,0.469,0.465,0.5,12.0,6.0,1.4,0.7,0.4,0.7,18.0,13.4,19.4,5.5,109.6,113.9
Jock Landale,HOU,C,29.0,7,11.0,18.9,9.6,10,0.6,23,0.435,5,0.6,0.518,0.54,5.0,3.1,0.4,0.1,0.0,0.4,8.1,5.4,8.6,6.7,115.9,102.9
Duncan Robinson,MIA,F,30.6,8,16.4,22.1,6.0,0,0.0,17,0.294,46,0.413,0.532,0.532,8.4,1.6,1.3,0.1,0.4,0.5,10.0,9.6,11.3,6.3,105.7,108.6
Jordan McLaughlin,SAC,G,28.6,7,4.9,11.3,33.3,0,0.0,2,0.0,4,0.25,0.25,0.25,0.4,0.4,0.4,0.4,0.0,0.4,0.9,0.9,1.3,3.3,51.3,99.7
Gabe Vincent,LAL,G,28.4,10,18.2,11.8,14.2,2,0.5,16,0.5,26,0.192,0.369,0.373,3.2,0.9,0.5,0.6,0.0,0.7,4.1,3.7,4.6,2.5,72.3,113.3
Drew Eubanks,UTA,F-C,27.8,6,14.1,12.2,26.8,7,0.857,13,0.538,3,0.333,0.531,0.603,3.8,4.2,1.3,0.2,0.7,1.0,8.0,5.2,9.3,7.8,113.7,111.2
Haywood Highsmith,MIA,F,27.9,7,22.9,11.5,5.1,8,0.625,18,0.778,19,0.368,0.662,0.666,7.7,3.0,0.7,1.6,0.4,0.3,10.7,8.4,11.4,4.4,132.5,108.8
Amir Coffey,LAC,G-F,27.4,10,22.9,13.5,6.1,14,0.714,33,0.545,28,0.536,0.664,0.677,9.1,2.1,0.6,0.6,0.0,0.4,11.2,9.7,11.8,3.9,132.1,107.8
Terance Mann,LAC,G-F,28.1,10,23.2,11.6,7.0,11,0.727,35,0.486,18,0.167,0.406,0.441,5.1,3.7,1.8,0.5,0.1,0.4,8.8,6.9,10.6,5.6,109.4,100.6
Andrew Nembhard,IND,G-F,24.8,7,26.7,15.6,16.0,10,0.8,39,0.436,13,0.231,0.413,0.452,7.3,2.0,4.7,0.9,0.0,1.4,9.3,12.0,14.0,6.1,99.7,115.6
Jalen Pickett,DEN,G,25.1,2,1.9,11.0,0.0,0,0.0,0,0.0,1,0.0,0.0,0.0,0.0,0.0,0.0,0.0,0.0,0.0,0.0,0.0,0.0,0.0,0.0,0.0
Zion Williamson,NOR,F,24.3,6,31.1,34.8,17.4,60,0.667,98,0.459,6,0.333,0.462,0.521,22.7,8.0,5.3,0.7,1.2,3.7,30.7,28.0,36.0,12.7,105.4,112.5
RJ Barrett,TOR,F-G,24.4,8,33.2,31.4,14.6,46,0.696,105,0.486,52,0.327,0.487,0.522,23.1,5.6,6.1,1.0,0.1,3.4,28.8,29.3,34.9,11.1,104.6,116.6
Ja Morant,MEM,G,25.3,8,27.8,33.1,21.3,54,0.833,94,0.511,31,0.258,0.48,0.555,20.6,5.0,9.1,0.6,0.3,4.3,25.6,29.8,34.8,14.1,110.2,106.2
De'Andre Hunter,ATL,F-G,26.9,2,29.5,20.8,0.0,13,0.923,14,0.429,10,0.4,0.5,0.606,18.0,6.5,2.0,1.0,0.5,0.0,24.5,20.0,26.5,8.4,135.3,104.9
Coby White,CHI,G,24.7,10,33.2,23.7,15.2,32,0.813,60,0.55,90,0.378,0.56,0.591,19.4,3.5,5.0,1.3,0.1,2.7,22.9,24.4,27.9,8.4,110.4,110.9
Brandon Clarke,MEM,F,28.1,11,15.1,14.3,5.5,11,0.727,42,0.595,9,0.111,0.52,0.546,5.5,3.1,0.6,0.9,0.1,0.3,8.6,6.2,9.3,5.8,117.0,101.5
Darius Garland,CLE,G,24.8,11,29.5,26.2,15.6,20,0.95,76,0.605,80,0.475,0.66,0.683,20.5,1.9,6.6,1.2,0.4,2.6,22.4,27.1,29.0,8.6,126.8,107.2
Jaxson Hayes,LAL,C-F,24.5,10,17.5,11.9,14.9,19,0.789,34,0.706,0,0.0,0.706,0.744,6.3,4.6,0.9,0.3,0.9,0.6,10.9,7.2,11.8,6.8,146.1,103.3
Nickeil Alexander-Walker,MIN,G,26.2,10,23.1,13.7,17.8,13,0.692,21,0.571,34,0.5,0.682,0.692,8.4,2.6,2.7,0.8,0.3,1.2,11.0,11.1,13.7,6.7,127.9,109.9
Tyler Herro,MIA,G,24.8,9,32.5,27.0,14.8,33,0.818,64,0.578,79,0.456,0.636,0.663,23.2,5.2,5.0,0.3,0.2,2.8,28.4,28.2,33.4,10.4,121.3,110.2
Keldon Johnson,SAN,F-G,25.1,10,27.5,20.0,7.0,28,0.821,65,0.569,41,0.244,0.491,0.537,12.7,6.0,1.4,0.9,0.3,0.8,18.7,14.1,20.1,6.9,112.6,107.6
Kevin Porter Jr.,LAC,G-F,24.5,10,16.7,30.6,22.3,13,0.615,64,0.453,23,0.174,0.402,0.421,7.8,3.7,2.8,0.8,0.1,2.5,11.5,10.6,14.3,10.4,82.4,102.0
Charles Bassey,SAN,C-F,24.0,5,3.3,12.9,45.0,2,1.0,2,1.0,0,0.0,1.0,1.042,1.2,1.4,0.2,0.2,0.2,0.4,2.6,1.4,2.8,8.4,0.0,0.0
Nic Claxton,BRO,C,25.6,9,24.1,14.1,13.5,23,0.391,51,0.686,0,0.0,0.686,0.646,8.8,7.9,2.6,0.7,1.2,0.9,16.7,11.3,19.2,9.4,130.2,101.9
Luguentz Dort,OKC,G,25.6,10,26.5,14.2,5.9,13,0.923,30,0.5,49,0.449,0.608,0.637,10.8,3.6,1.6,1.3,0.8,0.5,14.4,12.4,16.0,6.0,128.7,96.7
Daniel Gafford,DAL,F-C,26.1,10,20.9,18.6,10.0,23,0.739,72,0.708,0,0.0,0.708,0.725,11.9,6.1,1.2,0.5,1.2,0.8,18.0,13.1,19.2,8.5,142.0,97.4
Quentin Grimes,DAL,G,24.5,9,12.0,13.2,9.6,5,0.6,13,0.462,15,0.333,0.482,0.497,3.3,2.1,0.3,0.4,0.1,0.3,5.4,3.7,5.8,4.3,98.7,101.3
Talen Horton-Tucker,CHI,G,24.0,7,11.9,17.2,10.2,13,0.692,16,0.563,10,0.3,0.519,0.567,5.1,2.4,1.7,0.0,0.1,0.4,7.6,6.9,9.3,9.2,121.8,114.5
Ty Jerome,CLE,G-F,27.3,11,16.1,21.1,13.3,23,0.826,46,0.63,19,0.579,0.7,0.732,10.0,1.9,3.3,1.4,0.0,0.9,11.9,13.3,15.2,9.9,142.5,107.5
Cameron Johnson,BRO,F,28.7,10,34.0,18.4,2.3,27,0.852,46,0.63,81,0.383,0.594,0.626,17.4,4.4,2.9,0.6,0.4,0.3,21.8,20.3,24.7,7.1,132.0,112.2
Jordan Poole,WAS,G,25.4,8,29.9,28.7,15.9,33,0.909,60,0.433,67,0.433,0.547,0.597,21.1,1.6,4.0,2.1,0.9,3.0,22.8,25.1,26.8,6.9,108.9,115.0
Neemias Queta,BOS,C,25.3,10,17.2,14.6,13.1,12,0.75,45,0.622,1,0.0,0.609,0.634,6.5,5.7,0.5,0.2,0.7,0.7,12.2,7.0,12.7,6.2,128.0,101.0
Naz Reid,MIN,C-F,25.2,10,23.8,20.7,11.4,19,0.947,45,0.6,48,0.479,0.661,0.696,14.1,5.5,1.7,0.4,0.5,1.2,19.6,15.8,21.3,8.6,129.1,102.1
Grant Williams,CHA,F,25.9,10,27.7,15.1,20.6,18,0.833,23,0.609,50,0.34,0.541,0.581,9.4,4.5,2.4,1.3,0.7,1.9,13.9,11.8,16.3,6.7,109.4,104.8
John Konchar,MEM,G,28.6,5,20.0,7.2,18.4,4,0.75,2,1.0,11,0.364,0.615,0.644,3.8,4.4,1.2,0.6,1.0,0.6,8.2,5.0,9.4,5.4,127.5,107.1
Garrison Mathews,ATL,G,28.0,10,22.9,14.9,6.7,20,0.85,12,0.417,57,0.491,0.681,0.713,11.1,1.4,1.4,0.9,0.2,0.5,12.5,12.5,13.9,4.9,137.3,114.7
Dean Wade,CLE,F-C,28.0,9,22.6,11.1,4.2,8,0.375,9,0.667,37,0.351,0.554,0.545,6.0,4.6,1.8,1.1,0.2,0.2,10.6,7.8,12.3,6.5,121.1,103.5
Javonte Green,NOR,G,31.3,10,21.8,8.6,10.2,12,0.917,21,0.524,14,0.429,0.571,0.633,5.1,3.0,0.6,1.3,0.5,0.4,8.1,5.7,8.7,3.8,128.6,117.2
Anthony Edwards,MIN,G,23.3,10,36.2,31.8,14.7,46,0.674,91,0.495,118,0.458,0.603,0.617,28.3,5.8,3.8,0.9,0.5,3.6,34.1,32.1,37.9,9.4,111.2,108.3
LaMelo Ball,CHA,G,23.2,10,33.4,37.6,16.9,50,0.84,100,0.54,130,0.369,0.548,0.583,29.4,4.9,6.2,1.5,0.3,4.7,34.3,35.6,40.5,11.5,111.5,104.4
James Wiseman,IND,C,23.6,1,4.6,46.6,0.0,2,1.0,3,0.667,1,0.0,0.5,0.615,6.0,1.0,0.0,0.0,0.0,0.0,7.0,6.0,7.0,0.0,123.4,121.4
Deni Avdija,POR,F,23.9,11,25.5,19.0,19.2,38,0.763,57,0.456,35,0.171,0.38,0.455,9.0,5.6,3.0,1.0,0.8,2.0,14.6,12.0,17.6,8.4,94.9,112.3
Obi Toppin,IND,F,26.7,9,20.8,16.8,12.1,13,0.846,34,0.676,24,0.333,0.603,0.636,9.0,3.1,1.6,0.6,0.2,0.9,12.1,10.6,13.7,6.8,122.2,116.6
Onyeka Okongwu,ATL,F-C,23.9,9,22.7,16.5,5.6,25,0.84,52,0.654,15,0.2,0.575,0.628,10.9,5.8,1.9,0.7,0.6,0.4,16.7,12.8,18.6,8.7,135.3,112.7
Tyrese Haliburton,IND,G,24.7,10,34.8,22.3,11.2,39,0.769,65,0.569,77,0.273,0.482,0.525,16.7,4.3,8.3,1.3,0.5,1.8,21.0,25.0,29.3,9.7,115.8,116.4
Isaac Okoro,CLE,F-G,23.8,11,20.4,11.1,5.9,13,0.615,23,0.478,25,0.48,0.604,0.614,6.0,2.5,1.6,0.6,0.4,0.3,8.5,7.6,10.1,5.7,135.2,105.6
Patrick Williams,CHI,F,23.2,10,28.0,16.3,18.2,15,0.867,41,0.341,44,0.341,0.429,0.469,8.6,5.0,1.8,1.1,0.6,1.9,13.6,10.4,15.4,6.1,89.9,111.7
Aaron Nesmith,IND,G-F,25.1,6,22.7,15.1,12.1,13,0.846,25,0.52,11,0.545,0.611,0.659,9.2,4.0,1.0,0.7,0.3,0.8,13.2,10.2,14.2,5.9,123.4,102.3
Cole Anthony,ORL,G,24.5,9,12.1,22.5,25.8,17,0.706,18,0.444,19,0.263,0.419,0.483,4.8,2.6,2.1,0.8,0.1,1.4,7.3,6.9,9.4,9.8,92.0,97.0
Tyrese Maxey,PHI,G,24.0,7,39.7,31.1,7.8,45,0.822,88,0.511,77,0.286,0.473,0.522,27.6,3.0,3.9,1.4,0.6,2.0,30.6,31.4,34.4,6.9,107.6,112.8
Josh Green,CHA,G,24.0,8,22.4,9.7,7.6,5,0.6,13,0.308,23,0.435,0.528,0.537,5.1,1.4,1.1,0.5,0.5,0.4,6.5,6.3,7.6,3.5,116.9,108.2
Jaden McDaniels,MIN,F,24.1,10,28.3,14.9,9.7,12,0.75,49,0.551,34,0.294,0.506,0.527,9.3,2.8,1.5,0.7,1.0,0.9,12.1,10.8,13.6,4.8,108.9,105.3
Jalen Smith,CHI,F-C,24.7,9,14.6,22.8,7.5,15,0.667,27,0.519,34,0.412,0.574,0.592,8.9,5.2,0.6,0.6,0.3,0.6,14.1,9.4,14.7,8.3,117.5,98.7
Isaiah Stewart,DET,F-C,23.5,11,22.5,11.2,24.0,15,0.867,40,0.6,4,0.0,0.545,0.603,5.5,7.3,2.3,0.5,1.4,1.3,12.8,7.8,15.1,8.0,122.3,97.3
Zeke Nnaji,DEN,F-C,23.8,6,7.1,12.5,0.0,4,0.25,7,0.857,4,0.0,0.545,0.509,2.2,1.0,0.5,0.0,0.3,0.0,3.2,2.7,3.7,5.8,118.7,111.4
Immanuel Quickley,TOR,G,25.4,3,22.5,30.2,8.6,9,0.889,26,0.385,16,0.375,0.452,0.5,15.3,2.0,4.0,0.7,0.0,1.3,17.3,19.3,21.3,8.8,109.1,117.1
Paul Reed,DET,F,25.4,5,11.3,20.7,23.7,5,0.8,17,0.647,2,0.5,0.658,0.684,5.8,2.0,0.6,0.8,0.8,1.2,7.8,6.4,8.4,6.8,110.1,89.5
Isaiah Joe,OKC,G,25.4,10,21.0,16.6,3.7,7,0.714,14,0.5,63,0.413,0.597,0.606,9.7,3.1,1.5,0.5,0.0,0.3,12.8,11.2,14.3,6.8,124.9,99.0
Tre Jones,SAN,G,24.8,1,15.6,10.5,0.0,4,0.75,2,0.0,0,0.0,0.0,0.399,3.0,1.0,3.0,1.0,0.0,0.0,4.0,6.0,7.0,5.3,129.6,118.7
Payton Pritchard,BOS,G,26.8,11,28.1,20.7,10.8,22,0.955,24,0.667,100,0.43,0.649,0.681,16.5,2.6,2.5,1.0,0.0,1.4,19.2,19.1,21.7,6.8,129.7,107.6
Nick Richards,CHA,C,27.0,5,27.4,15.2,17.4,22,0.591,32,0.656,1,0.0,0.636,0.644,11.0,10.0,1.8,0.4,2.4,1.4,21.0,12.8,22.8,8.5,128.1,105.6
Xavier Tillman,BOS,F,25.8,9,10.2,12.2,11.5,0,0.0,9,0.333,14,0.214,0.326,0.326,1.7,2.2,0.7,0.3,0.0,0.3,3.9,2.3,4.6,5.4,86.5,105.0
Jared Butler,WAS,G,24.2,7,9.7,22.4,6.6,15,0.667,23,0.522,5,0.2,0.482,0.535,5.3,1.0,2.7,0.7,0.3,0.3,6.3,8.0,9.0,10.0,124.8,114.3
Desmond Bane,MEM,G,26.4,5,26.5,26.3,11.1,12,0.917,40,0.55,32,0.406,0.576,0.608,18.8,5.4,2.8,1.0,0.6,1.8,24.2,21.6,27.0,9.9,116.4,99.8
Jalen Green,HOU,G,22.8,10,33.2,27.8,11.2,42,0.857,92,0.424,90,0.356,0.478,0.524,21.0,4.6,3.0,0.8,0.5,2.3,25.6,24.0,28.6,8.0,107.2,107.4
Jonathan Kuminga,GOL,F,22.1,10,24.0,25.8,13.9,44,0.659,79,0.532,32,0.344,0.527,0.56,14.6,4.3,1.8,0.9,0.5,1.8,18.9,16.4,20.7,8.1,108.6,106.1
Naji Marshall,DAL,F,26.8,10,23.2,14.0,11.2,9,1.0,43,0.651,20,0.2,0.54,0.575,7.7,3.9,2.7,1.0,0.2,0.8,11.6,10.4,14.3,7.5,121.3,110.7
KJ Martin,PHI,F,23.8,8,17.7,8.7,0.0,10,0.8,22,0.682,2,1.0,0.75,0.775,5.5,2.8,0.6,0.4,0.8,0.0,8.3,6.1,8.9,4.7,164.4,105.9
Sam Merrill,CLE,G,28.5,11,19.8,14.0,7.4,6,1.0,7,0.714,55,0.4,0.613,0.634,7.5,1.7,1.5,0.7,0.1,0.5,9.2,8.9,10.6,5.4,124.5,105.8
Trevelin Queen,ORL,G,27.7,1,3.1,13.7,100.0,0,0.0,0,0.0,0,0.0,0.0,0.0,0.0,0.0,0.0,0.0,0.0,1.0,0.0,0.0,0.0,0.0,0.0,0.0
Ayo Dosunmu,CHI,G,24.8,10,28.4,17.4,12.3,15,0.933,53,0.604,46,0.217,0.475,0.511,10.8,4.8,4.0,0.1,0.5,1.4,15.6,14.8,19.6,8.3,108.0,111.5
Vit Krejci,ATL,G,24.4,4,14.1,15.4,21.9,7,0.571,7,0.571,7,0.286,0.5,0.527,4.5,1.3,1.0,0.8,0.3,1.0,5.8,5.5,6.8,5.1,94.6,106.7
Jae'Sean Tate,HOU,F,29.0,3,4.5,27.0,27.7,4,0.5,4,0.75,1,0.0,0.6,0.592,2.7,2.3,0.7,0.3,0.0,0.7,5.0,3.3,5.7,14.5,106.2,78.4
Anthony Gill,WAS,F,32.1,6,3.1,15.3,16.1,2,0.5,3,0.667,2,0.5,0.7,0.68,1.3,0.7,0.5,0.3,0.0,0.2,2.0,1.8,2.5,9.9,0.0,0.0
Jeff Dowtin Jr.,PHI,G,27.5,4,7.5,15.7,0.0,2,1.0,7,0.571,3,0.333,0.55,0.597,3.3,0.5,0.3,0.3,0.0,0.0,3.8,3.5,4.0,4.2,127.9,117.7
Pat Spencer,GOL,G,28.4,3,1.5,27.2,0.0,0,0.0,3,0.667,0,0.0,0.667,0.667,1.3,0.0,0.3,0.0,0.0,0.0,1.3,1.7,1.7,0.0,0.0,0.0
Brandon Williams,DAL,G,25.0,3,4.4,23.9,15.9,3,0.667,3,0.333,2,0.0,0.2,0.316,1.3,1.0,0.7,0.0,0.0,0.3,2.3,2.0,3.0,8.8,81.2,101.0
Lindy Waters III,GOL,F,27.3,9,13.7,12.5,0.0,2,1.0,12,0.667,24,0.375,0.597,0.61,5.0,1.9,1.4,0.3,0.1,0.0,6.9,6.4,8.3,6.9,142.4,107.0
Jeremiah Robinson-Earl,NOR,F,24.0,10,17.3,13.7,15.3,9,1.0,28,0.464,16,0.438,0.534,0.584,5.6,3.3,0.8,0.6,0.1,0.8,8.9,6.4,9.7,5.7,117.1,117.4
Brandon Boston Jr.,NOR,G,23.0,7,25.6,18.3,7.1,16,0.875,42,0.571,23,0.391,0.577,0.618,12.7,3.0,3.0,1.1,0.3,0.7,15.7,15.7,18.7,7.6,130.1,119.6
Herbert Jones,NOR,F,26.1,4,28.3,11.6,16.5,2,0.5,14,0.714,11,0.182,0.52,0.522,6.8,2.5,1.0,1.8,0.3,1.3,9.3,7.8,10.3,3.6,97.5,116.0
Jaden Springer,BOS,G,22.1,4,4.1,18.2,16.1,2,0.5,3,0.333,2,0.0,0.2,0.255,0.8,1.0,0.3,0.5,0.0,0.3,1.8,1.0,2.0,6.1,74.1,100.8
Franz Wagner,ORL,F,23.2,11,29.1,29.2,12.4,42,0.833,123,0.528,53,0.34,0.523,0.563,19.9,5.1,4.5,1.4,0.2,2.3,25.0,24.5,29.5,10.6,111.1,103.2
Ziaire Williams,BRO,F,23.2,10,19.9,18.3,11.5,11,0.727,41,0.585,28,0.321,0.543,0.562,8.3,4.0,1.1,1.0,0.3,0.9,12.3,9.4,13.4,6.7,110.3,101.1
Ochai Agbaji,TOR,G,24.6,11,31.2,14.3,8.9,18,0.722,58,0.672,44,0.477,0.691,0.701,14.0,4.8,2.0,1.3,0.5,0.9,18.8,16.0,20.8,6.6,134.4,116.6
Chris Duarte,CHI,G,27.4,4,3.9,20.2,0.0,6,0.667,0,0.0,5,0.6,0.9,0.851,3.3,0.5,0.5,0.0,0.0,0.0,3.8,3.8,4.3,9.6,0.0,0.0
Kai Jones,LAC,C-F,23.8,9,8.3,10.6,24.6,5,0.6,12,0.667,0,0.0,0.667,0.669,2.1,1.9,0.3,0.0,0.7,0.4,4.0,2.4,4.3,5.1,121.1,105.1
Miles McBride,NYK,G,24.2,9,26.8,18.2,10.6,10,0.8,36,0.5,48,0.396,0.554,0.571,11.2,2.3,2.7,1.1,0.3,1.1,13.6,13.9,16.2,6.1,115.3,113.1
Moses Moody,GOL,G,22.4,10,16.6,21.1,11.5,14,0.714,28,0.536,41,0.463,0.63,0.645,9.7,2.0,1.1,0.4,0.1,0.9,11.7,10.8,12.8,6.7,120.8,108.5
Isaiah Jackson,IND,F,22.8,5,16.8,17.9,17.7,14,0.5,23,0.609,0,0.0,0.609,0.6,7.0,5.6,1.0,0.6,1.6,1.0,12.6,8.0,13.6,8.1,119.1,100.9
Tre Mann,CHA,G,23.8,10,25.1,25.5,13.1,17,1.0,77,0.481,49,0.388,0.52,0.554,14.8,2.9,3.3,0.7,0.3,1.9,17.7,18.1,21.0,8.3,112.3,112.1
Johnny Juzang,UTA,G,23.7,6,17.4,14.4,9.2,10,1.0,8,0.625,21,0.429,0.638,0.704,7.8,1.7,0.7,0.7,0.3,0.5,9.5,8.5,10.2,4.8,135.4,109.9
Justin Champagnie,WAS,G-F,23.4,1,3.9,0.0,0.0,0,0.0,0,0.0,0,0.0,0.0,0.0,0.0,2.0,1.0,0.0,0.0,0.0,2.0,1.0,3.0,0.0,0.0,0.0
Jalen Johnson,ATL,F,22.9,11,36.5,24.0,17.6,54,0.704,120,0.517,53,0.302,0.497,0.534,19.1,10.0,4.9,1.4,0.9,3.4,29.1,24.0,34.0,10.7,103.6,112.6
Keon Johnson,BRO,G,22.7,9,11.7,19.8,15.4,5,0.8,17,0.471,21,0.286,0.447,0.473,4.2,2.7,0.9,0.3,0.2,0.8,6.9,5.1,7.8,7.4,92.8,100.3
Kessler Edwards,DAL,F,24.3,3,2.5,17.3,33.3,0,0.0,0,0.0,2,0.0,0.0,0.0,0.0,0.0,0.0,0.0,0.0,0.3,0.0,0.0,0.0,0.0,0.0,0.0
Corey Kispert,WAS,F,25.7,8,29.3,15.7,8.5,15,0.8,30,0.533,45,0.244,0.433,0.472,9.6,3.1,1.6,0.4,0.1,0.9,12.8,11.3,14.4,4.9,95.9,121.4
Davion Mitchell,TOR,G,26.2,11,28.0,16.2,20.6,13,0.692,47,0.574,45,0.267,0.489,0.507,9.0,2.6,6.0,0.9,0.4,2.2,11.6,15.0,17.6,7.4,105.4,116.5
Austin Reaves,LAL,G,26.5,10,34.3,22.0,14.4,36,0.778,63,0.619,73,0.37,0.585,0.616,18.7,4.5,5.2,1.4,0.4,2.3,23.2,23.9,28.4,8.9,118.0,111.4
Cam Thomas,BRO,G,23.1,10,34.6,32.2,12.5,67,0.91,117,0.496,78,0.321,0.49,0.561,25.2,3.0,3.2,0.9,0.0,2.8,28.2,28.4,31.4,7.2,107.7,112.8
Scottie Barnes,TOR,F-G,23.3,4,33.6,27.1,20.2,23,0.739,52,0.519,11,0.182,0.476,0.527,19.3,7.8,6.0,2.0,0.5,4.0,27.0,25.3,33.0,11.5,103.3,114.2
Sandro Mamukelashvili,SAN,F-C,25.5,8,7.6,19.8,25.5,1,1.0,8,0.75,12,0.5,0.75,0.758,3.9,2.6,0.3,0.1,0.5,0.9,6.5,4.1,6.8,7.6,107.8,103.4
Sam Hauser,BOS,F,26.9,8,20.5,16.3,4.8,0,0.0,11,0.636,48,0.292,0.475,0.475,7.0,3.9,1.4,0.8,0.1,0.4,10.9,8.4,12.3,6.6,107.2,106.9
Ariel Hukporti,NYK,C,22.6,5,6.4,6.9,60.0,0,0.0,2,0.0,0,0.0,0.0,0.0,0.0,1.8,0.0,0.0,0.8,0.6,1.8,0.0,1.8,0.0,0.0,96.5
Julian Champagnie,SAN,F,23.4,10,27.9,15.8,13.1,5,0.8,26,0.654,60,0.367,0.581,0.59,10.4,5.3,1.7,0.7,0.5,1.3,15.7,12.1,17.4,6.5,110.6,110.3
Alperen Sengun,HOU,C,22.3,10,28.4,26.6,12.3,48,0.729,127,0.48,15,0.267,0.472,0.518,16.9,11.0,3.9,1.0,1.1,2.0,27.9,20.8,31.8,12.7,112.8,97.3
Jericho Sims,NYK,C,26.1,9,13.3,5.9,40.0,2,0.0,9,0.667,0,0.0,0.667,0.607,1.3,3.8,0.3,0.2,0.3,0.7,5.1,1.7,5.4,3.4,111.3,106.8
Josh Giddey,CHI,G,22.1,10,28.7,22.6,18.5,39,0.641,81,0.42,33,0.424,0.482,0.515,13.5,6.5,7.0,0.8,0.1,2.6,20.0,20.5,27.0,11.8,108.9,113.6
Santi Aldama,MEM,F-C,23.8,11,30.1,17.4,12.4,13,1.0,67,0.642,53,0.264,0.533,0.561,12.8,7.6,3.7,0.7,0.5,1.5,20.5,16.5,24.2,9.5,115.2,107.2
Scotty Pippen Jr.,MEM,G,24.0,11,25.5,19.3,22.9,27,0.778,62,0.565,32,0.438,0.596,0.628,12.1,4.2,6.5,1.0,0.5,2.5,16.3,18.5,22.7,10.8,118.5,98.9
Jalen Suggs,ORL,G,23.4,11,29.2,23.6,18.9,32,0.906,62,0.565,71,0.324,0.523,0.571,15.3,5.2,4.2,1.5,1.0,2.8,20.5,19.5,24.6,9.5,104.6,101.4
Jalen Wilson,BRO,F,24.0,10,21.6,16.8,13.6,21,0.857,30,0.667,33,0.212,0.484,0.547,7.9,3.4,2.0,0.3,0.0,1.0,11.3,9.9,13.3,7.0,113.3,110.2
Cade Cunningham,DET,G,23.1,11,36.1,30.5,19.7,42,0.786,152,0.52,60,0.35,0.521,0.551,23.1,7.3,8.3,0.5,0.8,4.7,30.4,31.4,38.6,12.4,105.7,107.2
Evan Mobley,CLE,C,23.4,11,29.9,24.7,13.1,43,0.767,125,0.592,20,0.35,0.583,0.616,18.4,8.5,2.7,1.1,1.8,2.0,26.9,21.1,29.6,10.0,118.4,102.1
Aaron Wiggins,OKC,G,25.9,10,20.7,19.0,7.6,5,1.0,53,0.491,32,0.469,0.571,0.585,10.2,4.0,2.0,1.0,0.3,0.7,14.2,12.2,16.2,8.4,119.1,100.2
Gui Santos,GOL,F,22.4,5,4.0,12.3,38.3,2,0.5,1,1.0,2,0.5,0.833,0.773,1.2,1.0,0.4,0.0,0.0,0.4,2.2,1.6,2.6,7.8,110.0,96.2
D.J. Carton,TOR,G,24.3,4,8.4,14.0,35.0,1,1.0,4,0.25,3,0.0,0.143,0.202,0.8,1.0,0.8,0.5,0.0,1.0,1.8,1.5,2.5,4.1,43.2,122.3
Dalano Banton,POR,F,25.0,9,10.5,32.3,9.5,27,0.667,40,0.55,17,0.294,0.518,0.559,8.6,1.3,1.7,1.0,0.3,0.7,9.9,10.2,11.6,10.2,115.6,111.8
Jose Alvarado,NOR,G,26.6,10,26.3,18.8,11.9,17,0.824,40,0.4,56,0.411,0.526,0.556,11.5,2.4,4.9,1.6,0.3,1.3,13.9,16.4,18.8,7.8,119.1,114.3
Jay Huff,MEM,C,27.2,11,15.7,18.7,8.2,15,1.0,23,0.783,44,0.477,0.739,0.774,10.4,2.7,0.8,0.3,1.9,0.5,13.1,11.2,13.9,7.2,143.6,104.2
Mac McClung,ORL,G,25.8,1,4.9,0.0,0.0,0,0.0,0,0.0,0,0.0,0.0,0.0,0.0,1.0,2.0,0.0,0.0,0.0,1.0,2.0,3.0,0.0,0.0,112.8
Dru Smith,MIA,G,26.9,4,7.0,12.4,25.0,0,0.0,5,0.4,1,0.0,0.333,0.333,1.0,1.8,0.5,0.0,1.0,0.5,2.8,1.5,3.3,5.5,76.4,106.0
MarJon Beauchamp,MIL,F,24.1,7,3.6,36.6,25.7,4,1.0,8,0.5,6,0.167,0.393,0.476,2.1,0.9,0.1,0.1,0.0,0.7,3.0,2.3,3.1,6.4,0.0,0.0
Dyson Daniels,ATL,G,21.7,9,32.2,17.9,9.1,14,0.5,73,0.534,36,0.278,0.495,0.499,12.8,4.4,2.4,3.3,0.8,1.2,17.2,15.2,19.7,6.4,101.8,110.6
Jaden Hardy,DAL,G,22.4,9,10.9,20.2,22.0,2,1.0,11,0.364,24,0.292,0.414,0.432,3.4,0.9,1.0,0.2,0.1,1.1,4.3,4.4,5.3,5.3,80.9,109.0
Scoot Henderson,POR,G,20.8,11,25.9,23.4,21.4,33,0.818,84,0.452,33,0.273,0.44,0.494,11.8,2.9,4.8,0.8,0.0,2.9,14.7,16.6,19.5,8.5,96.9,112.4
Keaton Wallace,ATL,G,25.7,9,14.5,15.4,19.0,4,1.0,21,0.571,17,0.412,0.592,0.616,5.4,1.3,1.1,0.9,0.6,1.0,6.8,6.6,7.9,5.5,104.4,115.7
Jaden Ivey,DET,G,22.7,11,32.2,26.8,18.4,47,0.723,110,0.5,54,0.37,0.518,0.552,18.5,4.5,3.5,0.8,0.5,3.4,23.1,22.1,26.6,8.2,102.9,107.3
Paolo Banchero,ORL,F,22.0,5,36.4,31.3,10.2,59,0.644,65,0.569,32,0.344,0.552,0.59,29.0,8.8,5.6,0.6,0.8,2.2,37.8,34.6,43.4,12.4,119.9,104.6
Jabari Smith Jr.,HOU,F,21.5,10,28.5,16.7,8.5,22,0.818,52,0.538,45,0.267,0.474,0.516,11.0,6.7,0.8,0.4,0.5,0.9,17.7,11.8,18.5,5.5,111.8,104.3
Chet Holmgren,OKC,C-F,22.5,10,26.5,24.6,17.1,49,0.776,74,0.568,37,0.378,0.568,0.619,16.4,8.7,2.0,0.8,2.6,2.3,25.1,18.4,27.1,9.9,113.4,95.5
Bennedict Mathurin,IND,G-F,22.4,10,30.4,22.5,11.6,61,0.803,76,0.579,38,0.5,0.636,0.689,19.4,6.1,1.9,0.5,0.1,1.5,25.5,21.3,27.4,8.0,129.5,112.3
Johnny Davis,WAS,G,22.7,7,8.7,14.9,4.7,2,0.5,18,0.5,2,0.5,0.525,0.527,3.1,1.4,0.3,0.1,0.0,0.1,4.6,3.4,4.9,5.0,108.7,112.9
Keegan Murray,SAC,F,24.2,10,38.1,15.9,5.3,21,0.857,61,0.59,63,0.286,0.508,0.54,14.4,9.0,1.8,0.4,0.7,0.7,23.4,16.2,25.2,6.5,118.6,105.7
Malaki Branham,SAN,F,21.5,9,16.3,23.7,18.0,18,0.833,34,0.529,25,0.52,0.636,0.672,10.0,1.9,1.1,0.6,0.2,1.4,11.9,11.1,13.0,6.8,113.0,112.8
Blake Wesley,SAN,G,21.7,9,11.4,21.1,21.6,9,0.778,27,0.481,9,0.222,0.444,0.488,4.3,0.6,2.0,0.4,0.0,1.1,4.9,6.3,6.9,6.1,96.8,111.5
Jalen Duren,DET,C,21.0,9,23.4,12.5,30.6,21,0.571,36,0.833,0,0.0,0.833,0.796,8.0,9.7,2.4,0.3,1.2,1.8,17.7,10.4,20.1,9.8,132.3,98.2
Tari Eason,HOU,F,23.5,10,22.2,19.1,9.3,16,0.625,58,0.621,29,0.414,0.621,0.627,11.8,5.1,1.2,1.8,1.0,0.9,16.9,13.0,18.1,7.5,126.5,99.3
Nikola Jovic,MIA,F,21.4,9,19.7,18.8,9.7,12,0.75,33,0.545,32,0.344,0.531,0.555,8.7,4.2,1.4,1.1,0.1,0.8,12.9,10.1,14.3,7.5,111.9,105.9
Max Christie,LAL,G,21.8,10,13.1,14.6,15.2,12,0.917,16,0.375,17,0.294,0.409,0.496,3.8,1.8,1.0,0.5,0.2,0.6,5.6,4.8,6.6,5.8,103.6,109.5
Jeremy Sochan,SAN,F,21.5,7,29.3,23.9,15.6,25,0.68,74,0.554,12,0.25,0.529,0.557,15.4,7.7,3.0,1.0,0.4,2.3,23.1,18.4,26.1,9.7,108.7,103.0
Wendell Moore Jr.,DET,G,23.1,3,2.6,10.8,50.0,0,0.0,1,1.0,0,0.0,1.0,1.0,0.7,0.3,0.3,0.0,0.0,0.3,1.0,1.0,1.3,6.1,0.0,0.0
Jalen Williams,OKC,G-F,23.6,10,31.9,25.5,13.1,25,0.68,112,0.536,47,0.383,0.547,0.562,19.1,6.2,4.9,1.9,0.9,2.4,25.3,24.0,30.2,10.5,109.0,95.5
Patrick Baldwin Jr.,WAS,F,22.0,6,5.9,22.2,5.5,2,0.5,8,0.5,9,0.333,0.5,0.503,3.0,1.2,0.2,0.3,0.2,0.2,4.2,3.2,4.3,6.1,100.9,114.9
Walker Kessler,UTA,C,23.3,9,26.4,13.2,22.6,23,0.565,51,0.686,0,0.0,0.686,0.679,9.2,10.7,1.0,0.4,2.8,1.7,19.9,10.2,20.9,7.0,119.9,108.5
JD Davison,BOS,G,22.1,3,4.8,26.4,48.7,2,0.5,2,0.5,2,0.0,0.25,0.307,1.0,0.3,0.3,0.3,0.0,1.3,1.3,1.3,1.7,3.7,40.4,104.7
Julian Strawther,DEN,G,22.6,10,21.4,18.0,14.1,16,0.75,37,0.568,36,0.361,0.555,0.581,9.3,2.0,1.5,1.0,0.4,1.2,11.3,10.8,12.8,5.7,109.4,105.1
Christian Braun,DEN,G,23.6,10,35.3,15.8,10.2,37,0.811,70,0.586,35,0.486,0.633,0.672,16.3,5.4,1.6,0.9,0.9,1.2,21.7,17.9,23.3,5.9,129.2,111.4
Jabari Walker,POR,F,22.3,10,9.0,15.7,12.7,8,0.875,18,0.5,9,0.222,0.444,0.508,3.1,2.7,0.3,0.2,0.1,0.4,5.8,3.4,6.1,6.0,106.6,107.3
Ryan Rollins,MIL,G,22.4,8,5.7,17.0,30.6,4,0.75,7,0.571,4,0.5,0.636,0.666,2.1,0.8,0.8,0.3,0.5,0.6,2.9,2.9,3.6,7.7,109.7,105.8
Keon Ellis,SAC,G,24.8,9,20.9,10.6,14.5,12,0.833,13,0.769,22,0.364,0.629,0.67,6.0,2.0,1.0,1.4,0.9,0.7,8.0,7.0,9.0,4.4,129.0,102.8
Jaime Jaquez Jr.,MIA,G,23.7,6,23.6,21.0,17.4,13,0.538,38,0.342,14,0.5,0.452,0.468,9.0,7.2,2.2,0.8,0.2,1.8,16.2,11.2,18.3,8.9,96.5,105.8
Ousmane Dieng,OKC,F,21.5,10,12.4,16.0,2.3,7,0.714,18,0.5,25,0.28,0.453,0.477,4.4,3.2,1.0,0.7,0.3,0.1,7.6,5.4,8.6,7.8,110.6,96.0
Kris Murray,POR,F,24.2,11,13.4,13.7,13.9,15,0.4,22,0.455,15,0.4,0.514,0.505,4.0,2.5,0.8,0.5,0.1,0.5,6.5,4.8,7.4,6.0,105.8,115.2
Marcus Sasser,DET,G,24.1,4,6.4,6.7,25.0,0,0.0,2,1.0,1,0.0,0.667,0.667,1.0,0.5,0.8,0.3,0.0,0.3,1.5,1.8,2.3,4.6,125.9,113.6
Dalen Terry,CHI,F,22.3,10,12.8,14.7,20.3,15,0.733,21,0.571,10,0.2,0.484,0.545,4.1,2.0,1.0,0.5,0.5,0.8,6.1,5.1,7.1,6.3,107.5,107.6
Jacob Toppin,NYK,F,24.5,3,3.3,8.9,0.0,0,0.0,1,1.0,1,0.0,0.5,0.5,0.7,0.3,0.3,0.0,0.0,0.0,1.0,1.0,1.3,4.8,0.0,0.0
Peyton Watson,DEN,G,22.2,10,23.3,15.7,7.8,23,0.739,48,0.417,23,0.391,0.472,0.518,8.4,3.1,1.0,0.9,1.0,0.6,11.5,9.4,12.5,5.1,111.3,109.4
Caleb Houstan,ORL,G,21.8,7,5.3,13.7,0.0,0,0.0,3,0.333,9,0.222,0.333,0.333,1.1,0.7,0.0,0.0,0.1,0.0,1.9,1.1,1.9,0.0,76.0,97.5
Moussa Diabate,CHA,F,22.8,10,14.2,9.6,27.4,8,0.375,21,0.571,0,0.0,0.571,0.551,2.7,6.2,0.4,0.2,0.5,0.8,8.9,3.1,9.3,5.3,108.8,104.5
Trayce Jackson-Davis,GOL,F,24.7,10,16.8,15.3,8.7,10,0.7,52,0.692,0,0.0,0.692,0.7,7.9,4.3,2.3,0.1,0.5,0.5,12.2,10.2,14.5,10.2,143.4,103.8
Collin Gillespie,PHO,G,25.4,1,3.5,25.4,0.0,0,0.0,1,0.0,1,1.0,0.75,0.75,3.0,0.0,0.0,0.0,0.0,0.0,3.0,3.0,3.0,0.0,0.0,0.0
Jake LaRavia,MEM,F,23.0,11,26.2,14.2,17.9,28,0.571,44,0.568,29,0.379,0.568,0.58,9.0,5.5,3.8,0.9,0.5,1.5,14.5,12.8,18.4,8.7,119.2,103.2
David Roddy,ATL,F,23.6,9,20.3,13.5,22.1,13,0.846,21,0.667,21,0.429,0.655,0.692,7.3,4.3,2.1,0.7,0.2,1.3,11.7,9.4,13.8,8.0,118.8,114.8
Mouhamed Gueye,ATL,F,22.0,2,5.7,18.0,20.0,0,0.0,2,0.5,2,0.0,0.25,0.25,1.0,1.0,0.0,0.0,0.0,0.5,2.0,1.0,2.0,0.0,41.5,123.6
Quenton Jackson,IND,G,26.2,3,11.8,15.9,16.1,2,1.0,6,0.667,4,0.25,0.55,0.597,4.3,1.3,1.7,0.3,0.0,0.7,5.7,6.0,7.3,7.2,117.2,111.7
Baylor Scheierman,BOS,G,24.1,3,6.0,16.5,0.0,2,1.0,2,0.5,4,0.0,0.167,0.291,1.3,1.3,0.0,0.0,0.0,0.0,2.7,1.3,2.7,0.0,76.8,101.7
Karlo Matkovic,NOR,F-C,23.6,2,2.4,27.1,66.7,0,0.0,1,1.0,0,0.0,1.0,1.0,1.0,2.0,0.0,0.0,0.5,1.0,3.0,1.0,3.0,0.0,0.0,0.0
A.J. Green,MIL,G,25.1,9,15.6,13.1,7.2,2,1.0,0,0.0,38,0.605,0.908,0.913,7.9,1.2,0.7,0.6,0.0,0.3,9.1,8.6,9.8,4.8,159.8,116.4
Jamal Cain,NOR,F,25.6,7,10.7,15.2,16.5,6,0.667,9,0.556,11,0.364,0.55,0.574,3.7,1.7,0.1,0.1,0.3,0.6,5.4,3.9,5.6,3.2,104.9,112.4
Lester Quinones,PHI,G,24.0,2,2.5,21.2,0.0,1,1.0,1,1.0,1,0.0,0.5,0.615,1.5,1.5,0.5,0.0,0.0,0.0,3.0,2.0,3.5,16.6,0.0,0.0
Simone Fontecchio,DET,F,28.9,11,18.7,14.5,9.9,21,0.81,18,0.444,36,0.306,0.454,0.522,6.0,3.7,0.7,0.2,0.1,0.5,9.7,6.7,10.5,5.3,110.5,110.0
Nate Williams,HOU,G,25.7,1,2.2,18.8,0.0,0,0.0,0,0.0,1,1.0,1.5,1.5,3.0,2.0,0.0,0.0,0.0,0.0,5.0,3.0,5.0,0.0,0.0,0.0
Victor Wembanyama,SAN,F-C,20.9,10,31.0,28.9,19.4,36,0.917,82,0.549,71,0.282,0.49,0.542,18.3,10.2,2.4,1.4,4.0,3.7,28.5,20.7,30.9,9.9,98.5,103.5
Brandon Miller,CHA,F,22.0,6,27.6,24.6,10.0,16,0.938,30,0.5,51,0.373,0.537,0.579,17.0,4.3,3.3,1.0,0.7,1.5,21.3,20.3,24.7,9.0,120.2,110.3
Taylor Hendricks,UTA,F,21.0,3,24.8,12.0,9.8,4,0.75,6,0.167,12,0.25,0.306,0.354,4.7,5.0,0.7,1.7,1.3,0.7,9.7,5.3,10.3,4.1,85.7,107.4
Amen Thompson,HOU,G-F,21.8,10,24.1,17.4,18.1,31,0.774,60,0.583,12,0.167,0.528,0.584,10.0,5.9,2.1,0.7,0.4,1.6,15.9,12.1,18.0,8.3,114.3,102.6
Anthony Black,ORL,G,20.8,11,24.6,16.5,24.4,25,0.72,50,0.5,21,0.333,0.5,0.543,8.1,2.7,4.1,0.6,0.9,2.1,10.8,12.2,14.9,7.3,104.0,102.9
Gradey Dick,TOR,G-F,21.0,11,31.9,22.6,8.4,36,0.889,90,0.533,73,0.37,0.543,0.584,19.0,2.4,2.3,1.1,0.5,1.4,21.4,21.3,23.6,5.9,117.3,121.1
Rayan Rupert,POR,G-F,20.4,10,11.8,14.4,12.4,4,0.5,20,0.6,15,0.4,0.6,0.598,4.4,1.8,0.2,0.6,0.1,0.5,6.2,4.6,6.4,4.0,111.3,112.3
Cam Whitmore,HOU,F,20.3,7,10.5,29.3,6.3,12,0.667,26,0.615,18,0.056,0.398,0.436,6.1,1.6,0.4,0.1,0.1,0.4,7.7,6.6,8.1,6.0,95.9,104.3
Jarace Walker,IND,F,21.2,10,13.7,17.0,15.9,7,0.714,20,0.55,22,0.409,0.583,0.599,5.4,2.6,1.0,1.0,0.3,0.8,8.0,6.4,9.0,7.0,109.1,107.2
Cason Wallace,OKC,G,21.0,10,25.3,13.2,7.6,3,1.0,46,0.522,26,0.308,0.5,0.511,7.5,3.3,1.3,1.4,0.5,0.6,10.8,8.8,12.1,5.0,105.5,99.5
Keyonte George,UTA,G,21.0,8,31.7,26.0,18.0,36,0.778,48,0.354,70,0.3,0.411,0.467,15.6,2.9,6.4,0.5,0.1,3.3,18.5,22.0,24.9,8.3,97.2,119.1
Jordan Hawkins,NOR,G,22.5,8,30.3,22.6,11.2,29,0.931,51,0.451,52,0.365,0.5,0.562,16.3,4.5,1.4,0.1,0.4,1.6,20.8,17.6,22.1,6.2,109.7,120.4
Jett Howard,ORL,G,21.2,11,9.2,19.7,6.5,2,1.0,8,0.375,35,0.371,0.523,0.536,4.3,1.0,0.1,0.1,0.3,0.3,5.3,4.4,5.4,3.3,100.1,107.1
Trey Alexander,DEN,G,21.5,2,2.9,21.7,0.0,0,0.0,2,0.5,1,0.0,0.333,0.333,1.0,0.5,0.0,0.0,0.0,0.0,1.5,1.0,1.5,0.0,0.0,0.0
Dereck Lively II,DAL,C,20.7,6,22.9,14.8,17.0,14,0.571,34,0.706,0,0.0,0.706,0.697,9.3,8.2,2.5,0.8,0.8,1.2,17.5,11.8,20.0,10.1,138.2,95.8
Dariq Whitehead,BRO,G-F,20.3,1,2.0,44.1,100.0,0,0.0,0,0.0,0,0.0,0.0,0.0,0.0,1.0,0.0,0.0,0.0,2.0,1.0,0.0,1.0,0.0,0.0,0.0
Brice Sensabaugh,UTA,F,21.0,8,12.8,18.9,23.0,9,0.889,12,0.583,21,0.381,0.576,0.622,5.8,1.9,0.5,0.4,0.0,1.3,7.6,6.3,8.1,5.5,102.4,118.7
Noah Clowney,BRO,F-C,20.3,8,15.9,19.2,7.8,10,0.8,21,0.381,26,0.269,0.394,0.438,5.6,3.3,0.5,0.5,0.6,0.5,8.9,6.1,9.4,5.3,95.5,102.4
Bilal Coulibaly,WAS,G,20.3,8,34.7,17.9,18.6,29,0.828,56,0.679,31,0.387,0.644,0.682,17.0,5.5,3.0,1.1,0.8,2.5,22.5,20.0,25.5,7.5,121.0,117.7
Colby Jones,SAC,G,22.5,4,2.0,5.5,100.0,0,0.0,0,0.0,0,0.0,0.0,0.0,0.0,0.0,0.0,0.0,0.3,0.3,0.0,0.0,0.0,0.0,0.0,0.0
Reece Beekman,GOL,G,23.1,2,2.1,10.2,0.0,0,0.0,1,1.0,0,0.0,1.0,1.0,1.0,0.5,0.5,0.5,0.0,0.0,1.5,1.5,2.0,12.0,0.0,0.0
Adem Bona,PHI,F,21.6,6,2.4,13.7,22.5,1,1.0,3,1.0,0,0.0,1.0,1.017,1.2,0.5,0.0,0.0,0.3,0.2,1.7,1.2,1.7,0.0,0.0,0.0
Toumani Camara,POR,F,24.5,11,30.0,12.8,18.7,17,0.706,43,0.465,35,0.4,0.526,0.55,8.5,4.9,2.0,1.6,0.4,1.6,13.5,10.5,15.5,5.8,107.2,110.3
Ricky Council IV,PHI,G,23.3,6,8.7,15.5,12.2,6,1.0,8,0.375,6,0.333,0.429,0.541,3.0,1.0,0.8,0.0,0.0,0.3,4.0,3.8,4.8,6.2,115.1,118.2
Zach Edey,MEM,C,22.5,11,19.8,20.8,19.6,23,0.565,75,0.653,7,0.571,0.671,0.668,11.2,6.6,0.7,0.8,0.9,1.8,17.8,11.9,18.5,7.5,115.6,94.7
Adam Flagler,OKC,G,24.9,4,1.8,11.5,0.0,0,0.0,0,0.0,2,1.0,1.5,1.5,1.5,0.3,0.0,0.3,0.0,0.0,1.8,1.5,1.8,0.0,0.0,0.0
Andre Jackson Jr.,MIL,G,23.0,9,15.6,12.4,32.3,6,0.333,10,0.5,15,0.333,0.5,0.488,3.0,2.4,1.6,0.9,0.3,1.3,5.4,4.6,7.0,5.8,86.4,101.8
Julian Phillips,CHI,F,21.0,10,13.9,14.4,9.0,10,0.5,18,0.556,22,0.364,0.55,0.552,4.9,1.7,0.4,1.0,0.1,0.4,6.6,5.3,7.0,4.3,111.1,108.1
Brandin Podziemski,GOL,G,21.7,9,26.5,18.6,14.5,8,0.5,48,0.563,40,0.175,0.426,0.432,8.8,5.0,3.7,1.0,0.4,1.7,13.8,12.4,17.4,8.2,97.1,101.8
Olivier-Maxence Prosper,DAL,F,22.4,7,6.3,13.7,7.1,0,0.0,11,0.364,2,0.0,0.308,0.308,1.1,0.7,0.0,0.0,0.0,0.1,1.9,1.1,1.9,0.0,78.1,107.3
Ben Sheppard,IND,G,23.3,10,19.1,11.9,7.7,0,0.0,12,0.583,36,0.417,0.615,0.615,5.9,1.9,1.1,0.2,0.2,0.4,7.8,7.0,8.9,4.8,119.1,110.8
Jordan Walsh,BOS,G,20.7,9,10.5,8.4,11.1,1,0.0,3,0.667,13,0.154,0.313,0.304,1.1,1.1,0.2,0.3,0.3,0.2,2.2,1.3,2.4,2.4,70.3,107.0
Tristan da Silva,ORL,F,23.5,7,24.6,14.8,8.7,6,0.833,26,0.462,26,0.346,0.49,0.512,8.0,2.9,1.7,0.3,0.1,0.7,10.9,9.7,12.6,5.5,105.2,105.8
Jazian Gortman,DAL,G,21.7,2,2.3,19.2,50.0,0,0.0,0,0.0,1,1.0,1.5,1.5,1.5,0.0,0.0,0.0,0.0,0.5,1.5,1.5,1.5,0.0,0.0,0.0
Dillon Jones,OKC,F,23.0,9,6.8,18.2,15.9,4,0.25,9,0.667,12,0.083,0.357,0.351,1.8,1.7,0.6,0.2,0.1,0.4,3.4,2.3,4.0,7.2,82.3,91.6
Pelle Larsson,MIA,G,23.7,6,14.0,13.6,18.0,10,0.6,7,0.857,11,0.455,0.75,0.737,5.5,0.8,1.7,0.7,0.0,0.7,6.3,7.2,8.0,5.6,133.3,109.5
Jaylen Martin,BRO,G,20.8,2,1.6,14.2,0.0,0,0.0,0,0.0,1,1.0,1.5,1.5,1.5,0.0,0.0,0.0,0.0,0.0,1.5,1.5,1.5,0.0,0.0,0.0
Drew Peterson,BOS,F,25.0,2,2.9,15.1,50.0,0,0.0,0,0.0,1,0.0,0.0,0.0,0.0,0.5,0.0,0.5,1.0,0.5,0.5,0.0,0.5,0.0,0.0,0.0
Antonio Reeves,NOR,G,22.0,5,5.7,20.9,7.1,0,0.0,4,0.0,9,0.222,0.231,0.231,1.2,1.0,0.2,0.2,0.0,0.2,2.2,1.4,2.4,4.4,53.4,118.5
Hunter Tyson,DEN,F,24.4,6,12.6,9.6,18.2,3,1.0,7,0.857,6,0.167,0.577,0.628,3.0,2.2,0.7,0.3,0.2,0.5,5.2,3.7,5.8,5.3,115.6,103.2
Matas Buzelis,CHI,F,20.1,9,8.6,17.4,19.9,6,0.5,13,0.308,11,0.273,0.354,0.375,2.2,1.9,0.3,0.6,0.3,0.7,4.1,2.6,4.4,5.0,75.4,105.0
Ronald Holland II,DET,F,19.3,11,14.3,18.9,10.7,10,0.9,32,0.688,26,0.154,0.483,0.521,5.9,2.5,0.4,0.5,0.1,0.6,8.5,6.3,8.8,5.1,100.7,103.7
Craig Porter,CLE,G,24.7,7,4.7,14.7,18.2,0,0.0,6,0.667,3,0.333,0.611,0.611,1.6,0.6,0.7,0.0,0.6,0.3,2.1,2.3,2.9,7.5,113.7,113.9
Duop Reath,POR,C,28.4,6,3.4,26.2,7.7,0,0.0,3,0.333,9,0.222,0.333,0.333,1.3,0.5,0.3,0.0,0.2,0.2,1.8,1.7,2.2,6.8,0.0,0.0
Tyler Smith,MIL,F,20.0,7,3.8,22.8,15.1,2,0.5,5,1.0,6,0.333,0.727,0.715,2.4,0.7,0.0,0.0,0.3,0.3,3.1,2.4,3.1,0.0,0.0,0.0
Alex Reese,OKC,F-G,25.5,1,1.9,22.1,0.0,0,0.0,1,1.0,0,0.0,1.0,1.0,2.0,1.0,0.0,0.0,0.0,0.0,3.0,2.0,3.0,0.0,0.0,0.0
Zaccharie Risacher,ATL,F,19.6,11,27.0,21.3,10.1,35,0.657,67,0.478,57,0.263,0.44,0.473,12.0,3.5,1.4,0.9,1.0,1.3,15.5,13.4,16.9,5.8,97.1,114.6
Alexandre Sarr,WAS,C,19.5,8,25.0,20.1,10.2,20,0.8,39,0.487,40,0.2,0.392,0.444,9.8,6.3,2.4,0.6,2.5,1.1,16.0,12.1,18.4,8.5,98.8,111.6
Dalton Knecht,LAL,F,23.6,10,16.9,16.5,8.0,6,1.0,19,0.579,38,0.289,0.482,0.511,6.1,1.8,1.1,0.3,0.0,0.5,7.9,7.2,9.0,5.4,104.9,115.3
Cody Williams,UTA,F,20.0,9,22.9,12.5,13.5,8,0.625,22,0.409,29,0.172,0.324,0.348,4.2,2.8,1.3,0.6,0.3,0.9,7.0,5.6,8.3,4.3,79.1,117.6
Reed Sheppard,HOU,G,20.4,10,11.5,14.7,19.5,0,0.0,16,0.5,17,0.353,0.515,0.515,3.4,1.3,1.7,0.2,0.1,0.8,4.7,5.1,6.4,6.8,105.2,108.4
Stephon Castle,SAN,G,20.0,10,22.5,20.0,10.7,24,0.667,52,0.481,31,0.194,0.41,0.449,8.4,2.5,2.5,0.9,0.3,1.0,10.9,10.9,13.4,6.7,98.7,107.8
Carlton Carrington,WAS,G,19.3,8,30.0,14.6,16.8,16,0.875,38,0.5,26,0.308,0.484,0.535,9.5,4.8,5.0,1.1,0.3,1.6,14.3,14.5,19.3,8.1,109.2,112.4
Donovan Clingan,POR,C,20.7,11,13.9,14.6,20.3,13,0.769,35,0.571,4,0.25,0.551,0.593,4.8,4.8,0.2,0.4,1.6,0.9,9.6,5.0,9.8,4.8,110.7,99.0
Kyle Filipowski,UTA,C,21.0,8,14.8,15.2,19.5,6,0.167,16,0.688,17,0.353,0.606,0.575,5.1,3.8,1.6,0.3,0.0,1.0,8.9,6.8,10.5,8.5,104.3,107.3
Jared McCain,PHI,G,20.7,9,15.6,26.7,7.5,14,1.0,45,0.533,29,0.345,0.527,0.574,10.2,2.0,1.4,0.3,0.0,0.7,12.2,11.7,13.7,7.8,117.3,115.5
Kyshawn George,WAS,F,20.9,8,29.2,15.7,10.7,10,0.7,20,0.65,55,0.273,0.473,0.491,9.8,4.8,2.5,1.0,1.3,1.1,14.5,12.3,17.0,6.7,99.8,109.1
Yves Missi,NOR,C,20.5,10,21.6,12.3,11.1,19,0.632,48,0.458,0,0.0,0.458,0.497,5.6,5.4,1.5,0.5,1.5,0.6,11.0,7.1,12.5,6.6,116.3,116.5
Tidjane Salaun,CHA,F,19.3,8,16.8,13.1,17.0,2,0.5,10,0.4,24,0.208,0.338,0.344,3.0,3.8,1.0,0.4,0.0,0.9,6.8,4.0,7.8,5.4,78.7,113.2
Kel'el Ware,MIA,C,20.6,5,6.7,22.0,17.6,0,0.0,11,0.455,3,0.333,0.464,0.464,2.6,1.2,0.0,0.4,0.8,0.6,3.8,2.6,3.8,0.0,73.1,98.1
Johnny Furphy,IND,G,19.9,3,4.4,19.9,0.0,0,0.0,3,0.0,3,0.0,0.0,0.0,0.0,0.7,0.0,0.0,0.0,0.0,0.7,0.0,0.7,0.0,0.0,123.7
Tyler Kolek,NYK,G,23.6,7,6.6,18.9,27.1,4,1.0,5,0.6,8,0.75,0.923,0.949,4.0,0.7,0.4,0.3,0.0,0.7,4.7,4.4,5.1,6.3,135.3,114.4
Ulrich Chomche,TOR,C,18.9,1,4.5,9.1,0.0,0,0.0,1,1.0,0,0.0,1.0,1.0,2.0,1.0,0.0,0.0,0.0,0.0,3.0,2.0,3.0,0.0,200.0,125.9
Jaylon Tyson,CLE,G-F,21.9,5,4.9,19.4,39.1,2,0.5,2,0.0,4,0.5,0.5,0.509,1.4,0.8,0.4,0.0,0.0,0.8,2.2,1.8,2.6,6.2,70.1,84.5
Oso Ighodaro,PHO,F,22.3,5,8.1,11.5,28.7,1,1.0,7,0.571,0,0.0,0.571,0.605,1.8,2.2,0.4,0.0,0.2,0.6,4.0,2.2,4.4,5.8,103.4,91.5
Ryan Dunn,PHO,F,21.8,9,16.4,16.5,5.5,2,0.5,15,0.733,36,0.361,0.598,0.598,6.9,2.2,0.7,0.4,0.3,0.3,9.1,7.6,9.8,5.4,113.6,102.1
Jamal Shead,TOR,G,22.3,11,16.1,19.0,23.0,10,0.9,39,0.462,21,0.238,0.425,0.466,5.5,0.9,3.7,0.4,0.2,1.6,6.4,9.2,10.1,6.5,96.4,115.9
Ajay Mitchell,OKC,G,22.4,10,14.6,14.7,14.2,5,0.8,32,0.563,10,0.5,0.607,0.622,5.5,1.6,1.9,0.9,0.1,0.7,7.1,7.4,9.0,7.0,118.9,95.9
Bronny James,LAL,G,20.1,6,2.6,18.8,0.0,2,1.0,2,0.5,4,0.0,0.167,0.291,0.7,0.2,0.3,0.2,0.0,0.0,0.8,1.0,1.2,5.3,0.0,0.0
AJ Johnson,MIL,G,19.9,3,2.1,20.6,0.0,0,0.0,3,0.333,0,0.0,0.333,0.333,0.7,0.3,0.0,0.0,0.0,0.0,1.0,0.7,1.0,0.0,0.0,0.0
Pacome Dadiet,NYK,F,19.3,4,7.0,11.2,14.3,0,0.0,3,0.333,3,0.333,0.417,0.417,1.3,1.0,0.3,0.0,0.0,0.3,2.3,1.5,2.5,4.2,80.6,114.1
Jonathan Mogbo,TOR,F,23.0,11,16.0,14.8,19.1,27,0.704,36,0.556,6,0.167,0.512,0.575,5.6,4.2,1.8,1.0,0.5,0.9,9.8,7.5,11.6,8.7,121.5,108.6
Jaylen Wells,MEM,F,21.2,11,25.8,17.9,9.4,21,0.714,55,0.455,51,0.392,0.519,0.542,11.4,3.3,1.6,0.4,0.3,1.0,14.6,13.0,16.3,6.1,109.5,108.0
Cui Yongxi,BRO,F,21.5,2,1.6,12.5,0.0,2,0.5,0,0.0,0,0.0,0.0,0.568,0.5,0.0,0.0,0.0,0.0,0.0,0.5,0.5,0.5,0.0,0.0,0.0
Enrique Freeman,IND,F,24.3,4,8.5,6.3,22.5,2,1.0,2,0.5,1,0.0,0.333,0.515,1.0,0.5,0.5,0.3,0.3,0.3,1.5,1.5,2.0,3.0,111.1,112.9
Isaac Jones,SAC,F,24.3,3,2.0,14.4,0.0,0,0.0,2,0.0,0,0.0,0.0,0.0,0.0,0.0,0.0,0.0,0.0,0.0,0.0,0.0,0.0,0.0,0.0,0.0
Jamison Battle,TOR,F,23.5,10,14.6,15.2,7.8,8,0.75,11,0.545,36,0.333,0.511,0.534,5.4,2.8,0.9,0.0,0.2,0.4,8.2,6.3,9.1,6.5,115.7,114.1
Daniss Jenkins,DET,G,23.2,2,2.5,17.1,0.0,0,0.0,0,0.0,2,0.0,0.0,0.0,0.0,0.0,0.0,0.0,0.0,0.0,0.0,0.0,0.0,0.0,0.0,0.0
Alex Ducas,OKC,G,23.9,4,1.8,17.2,0.0,0,0.0,1,0.0,2,0.0,0.0,0.0,0.0,0.0,0.0,0.0,0.0,0.0,0.0,0.0,0.0,0.0,0.0,0.0
Yuki Kawamura,MEM,G,23.5,8,3.2,24.7,20.9,4,0.75,3,0.333,8,0.125,0.227,0.313,1.0,0.3,0.8,0.0,0.0,0.4,1.3,1.8,2.0,7.8,0.0,0.0
Cam Reddish,LAL,F-G,25.2,5,21.1,8.1,10.9,4,0.75,10,0.7,6,0.667,0.813,0.816,5.8,3.8,1.0,1.0,0.2,0.4,9.6,6.8,10.6,5.3,150.0,110.0
Tyrese Martin,BRO,F,25.7,2,1.4,0.0,0.0,0,0.0,0,0.0,0,0.0,0.0,0.0,0.0,0.5,0.0,0.0,0.0,0.0,0.5,0.0,0.5,0.0,0.0,0.0
Adama Sanogo,CHI,F,22.7,2,4.6,17.9,0.0,0,0.0,4,0.5,0,0.0,0.5,0.5,2.0,0.5,0.5,0.0,0.0,0.0,2.5,2.5,3.0,6.9,120.5,112.2
Torrey Craig,CHI,F,33.9,2,3.2,6.5,0.0,0,0.0,0,0.0,1,0.0,0.0,0.0,0.0,1.0,0.0,0.0,0.0,0.0,1.0,0.0,1.0,0.0,0.0,0.0
Sidy Cissoko,SAN,G,20.6,5,2.7,13.0,25.0,0,0.0,2,0.5,1,1.0,0.833,0.833,1.0,0.8,0.8,0.0,0.0,0.2,1.8,1.8,2.6,12.8,0.0,0.0
Trey Jemison,NOR,C,25.0,4,4.9,17.4,25.0,0,0.0,6,0.333,0,0.0,0.333,0.333,1.0,2.3,0.3,0.0,0.0,0.5,3.3,1.3,3.5,7.2,85.1,95.4
Liam Robbins,MIL,C,25.3,3,5.5,12.7,0.0,4,0.25,2,1.0,1,0.0,0.667,0.525,1.7,1.0,0.0,0.0,0.0,0.0,2.7,1.7,2.7,0.0,121.7,103.8
Colin Castleton,MEM,C,24.5,5,2.7,8.3,0.0,4,1.0,0,0.0,1,0.0,0.0,0.725,0.8,1.0,0.0,0.0,0.2,0.0,1.8,0.8,1.8,0.0,0.0,0.0
Luke Travers,CLE,F,23.2,2,3.7,11.1,0.0,2,1.0,1,1.0,0,0.0,1.0,1.064,2.0,1.5,1.0,0.0,0.5,0.0,3.5,3.0,4.5,15.6,0.0,0.0
Ja'Kobe Walter,TOR,G,20.2,4,12.2,15.3,0.0,5,0.6,10,0.2,6,0.167,0.219,0.275,2.5,2.8,0.8,0.0,0.3,0.0,5.3,3.3,6.0,5.8,84.6,109.4
Malevy Leons,OKC,F,25.1,4,3.4,14.8,31.1,4,0.5,1,0.0,1,0.0,0.0,0.266,0.5,0.5,0.3,0.0,0.0,0.3,1.0,0.8,1.3,5.0,0.0,0.0
Nick Smith Jr.,CHA,G,20.6,3,6.5,21.7,10.0,0,0.0,4,0.5,5,0.2,0.389,0.389,2.3,0.3,0.0,0.3,0.0,0.3,2.7,2.3,2.7,0.0,74.4,114.3
Taj Gibson,CHA,F,39.4,5,12.3,12.5,11.6,3,0.667,13,0.538,2,0.5,0.567,0.582,3.8,4.2,0.2,0.2,0.6,0.4,8.0,4.0,8.2,4.8,122.1,97.2
Josh Minott,MIN,F,22.0,4,9.0,11.9,32.5,2,0.5,3,1.0,3,0.0,0.5,0.509,1.8,1.0,0.0,0.0,0.5,0.8,2.8,1.8,2.8,0.0,67.0,101.6
Luka Garza,MIN,C,25.9,4,4.2,34.9,15.4,1,0.0,7,0.571,4,0.0,0.364,0.35,2.0,1.3,0.0,0.0,0.0,0.5,3.3,2.0,3.3,0.0,63.5,106.5
Rob Dillingham,MIN,G,19.9,4,4.7,20.8,22.2,0,0.0,6,0.667,1,1.0,0.786,0.786,2.8,0.8,1.8,0.0,0.0,0.5,3.5,4.5,5.3,13.5,143.1,109.7
Terrence Shannon Jr.,MIN,G-F,24.3,4,3.7,14.8,40.0,0,0.0,2,1.0,1,0.0,0.667,0.667,1.0,0.0,0.5,0.5,0.3,0.5,1.0,1.5,1.5,0.0,0.0,0.0
PJ Dozier,MIN,G-F,28.0,4,3.7,8.5,0.0,2,0.5,0,0.0,2,0.5,0.75,0.694,1.0,0.8,0.5,0.3,0.0,0.0,1.8,1.5,2.3,8.0,0.0,0.0
Jeff Green,HOU,F,38.2,3,4.1,13.5,25.0,0,0.0,1,1.0,2,1.0,1.333,1.333,2.7,0.3,0.3,0.3,0.0,0.3,3.0,3.0,3.3,6.1,171.3,103.9
Josh Richardson,MIA,G,31.2,4,19.5,13.2,25.6,2,1.0,8,0.25,9,0.222,0.294,0.336,3.0,2.3,1.3,1.5,0.0,1.5,5.3,4.3,6.5,4.3,74.5,99.9
Richaun Holmes,WAS,F,31.1,2,3.9,31.9,0.0,0,0.0,5,0.6,1,0.0,0.5,0.5,3.0,1.0,0.0,0.0,0.0,0.0,4.0,3.0,4.0,0.0,0.0,0.0
Svi Mykhailiuk,UTA,G-F,27.4,1,15.5,21.3,25.0,0,0.0,1,0.0,5,0.4,0.5,0.5,6.0,1.0,2.0,1.0,0.0,2.0,7.0,8.0,9.0,5.9,85.1,107.5
DeAndre Jordan,DEN,C,36.3,2,10.2,28.6,38.5,2,0.0,8,0.5,0,0.0,0.5,0.45,4.0,6.5,1.0,0.0,0.5,2.5,10.5,5.0,11.5,11.6,83.1,100.1
Spencer Jones,DEN,F,23.4,1,2.2,0.0,0.0,0,0.0,0,0.0,0,0.0,0.0,0.0,0.0,1.0,0.0,1.0,0.0,0.0,1.0,0.0,1.0,0.0,0.0,0.0
Jordan Miller,LAC,G,24.8,2,3.8,22.1,62.1,2,0.5,0,0.0,1,0.0,0.0,0.266,0.5,0.0,0.0,0.0,0.0,1.0,0.5,0.5,0.5,0.0,0.0,0.0
Kobe Brown,LAC,F,24.9,2,3.8,5.7,0.0,0,0.0,1,1.0,0,0.0,1.0,1.0,1.0,0.5,0.5,0.0,0.0,0.0,1.5,1.5,2.0,6.6,0.0,0.0
Bones Hyland,LAC,G,24.2,2,3.8,34.2,16.7,0,0.0,3,0.333,2,0.5,0.5,0.5,2.5,0.5,0.0,0.5,0.5,0.5,3.0,2.5,3.0,0.0,0.0,0.0
Jaylen Nowell,NOR,G,25.3,3,13.3,27.0,12.3,3,0.667,13,0.385,8,0.375,0.452,0.47,7.0,0.7,0.7,0.3,0.0,1.0,7.7,7.7,8.3,4.5,90.5,122.1
Dominick Barlow,ATL,F,21.5,2,5.4,7.2,0.0,2,0.5,1,0.0,0,0.0,0.0,0.266,0.5,0.0,0.0,0.0,0.0,0.0,0.5,0.5,0.5,0.0,62.1,119.1
KJ Simpson,CHA,G,22.3,1,6.9,12.2,0.0,0,0.0,1,1.0,1,0.0,0.5,0.5,2.0,3.0,1.0,0.0,0.0,0.0,5.0,3.0,6.0,10.5,145.0,120.9
Jared Rhoden,CHA,G,25.2,2,4.1,25.9,0.0,0,0.0,4,0.5,1,0.0,0.4,0.4,2.0,1.5,1.0,0.5,0.0,0.0,3.5,3.0,4.5,14.1,113.6,109.7
Paul George,PHI,F,34.5,4,28.4,28.2,20.5,13,0.846,29,0.586,25,0.16,0.426,0.477,14.3,4.8,5.8,1.8,0.3,3.5,19.0,20.0,24.8,10.4,95.7,107.8
Christian Koloko,LAL,C,24.4,2,7.4,5.8,0.0,0,0.0,2,0.5,0,0.0,0.5,0.5,1.0,1.5,0.5,0.0,0.5,0.0,2.5,1.5,3.0,4.9,136.8,106.8
Luke Kennard,MEM,G,28.4,3,19.0,14.8,19.8,2,0.5,4,0.5,12,0.417,0.594,0.592,6.7,2.3,5.3,0.7,0.3,1.3,9.0,12.0,14.3,9.1,123.6,106.5
David Duke Jr.,SAN,G,25.1,1,8.2,25.9,0.0,2,0.5,3,0.333,1,0.0,0.25,0.307,3.0,0.0,2.0,0.0,0.0,0.0,3.0,5.0,5.0,0.0,89.6,108.7
Riley Minix,SAN,F,24.1,1,6.8,6.4,0.0,0,0.0,0,0.0,1,0.0,0.0,0.0,0.0,2.0,0.0,0.0,0.0,0.0,2.0,0.0,2.0,0.0,0.0,113.0
Harrison Ingram,SAN,F,22.0,1,6.8,6.4,0.0,0,0.0,1,0.0,0,0.0,0.0,0.0,0.0,1.0,0.0,0.0,0.0,0.0,1.0,0.0,1.0,0.0,0.0,101.1
Jack McVeigh,HOU,G-F,28.4,2,4.1,30.6,16.7,0,0.0,2,0.0,3,0.333,0.3,0.3,1.5,1.0,0.0,0.0,0.0,0.5,2.5,1.5,2.5,0.0,55.6,112.4
Markieff Morris,DAL,F,35.2,1,4.9,8.8,0.0,0,0.0,1,0.0,0,0.0,0.0,0.0,0.0,2.0,2.0,0.0,0.0,0.0,2.0,2.0,4.0,0.0,93.0,109.4
Shaedon Sharpe,POR,G,21.5,3,20.1,21.8,9.9,5,0.6,14,0.714,13,0.077,0.426,0.445,8.7,2.3,1.0,0.0,0.3,1.0,11.0,9.7,12.0,5.4,92.4,119.8
Isaiah Collier,UTA,G,20.1,2,14.5,18.1,9.0,4,0.25,4,0.75,6,0.0,0.3,0.298,3.5,3.0,2.5,0.5,0.5,0.5,6.5,6.0,9.0,8.2,78.3,114.5
Stanley Umude,MIL,G,25.6,2,5.8,14.7,0.0,2,0.0,0,0.0,3,0.333,0.5,0.387,1.5,1.0,0.5,0.0,0.0,0.0,2.5,2.0,3.0,6.3,88.7,121.0
Matt Ryan,NYK,F,27.6,1,6.1,14.6,0.0,0,0.0,0,0.0,2,0.5,0.75,0.75,3.0,0.0,0.0,0.0,0.0,0.0,3.0,3.0,3.0,0.0,144.1,126.5
Josh Okogie,PHO,G,26.2,2,10.7,29.0,22.7,2,0.5,5,0.8,5,0.4,0.7,0.689,7.5,2.5,0.0,1.0,0.0,1.5,10.0,7.5,10.0,0.0,93.9,100.5
Robert Williams III,POR,C-F,27.1,2,14.2,18.3,17.5,4,1.0,7,0.714,2,0.5,0.722,0.79,8.5,4.0,1.0,1.0,1.0,1.0,12.5,9.5,13.5,9.1,138.9,116.5
Maxwell Lewis,LAL,F,22.3,2,1.6,0.0,0.0,0,0.0,0,0.0,0,0.0,0.0,0.0,0.0,0.0,0.0,0.0,0.0,0.0,0.0,0.0,0.0,0.0,0.0,0.0
Jalen Hood-Schifino,LAL,G,21.4,1,1.5,0.0,0.0,0,0.0,0,0.0,0,0.0,0.0,0.0,0.0,0.0,0.0,0.0,0.0,0.0,0.0,0.0,0.0,0.0,0.0,0.0
Devin Vassell,SAN,G-F,24.2,1,21.7,33.8,18.2,2,1.0,7,0.714,6,0.5,0.731,0.756,21.0,1.0,2.0,0.0,0.0,3.0,22.0,23.0,24.0,6.4,113.3,94.9
Kevin Love,MIA,F-C,36.2,1,13.0,24.8,0.0,1,1.0,3,0.333,4,0.25,0.357,0.403,6.0,6.0,2.0,2.0,0.0,0.0,12.0,8.0,14.0,12.8,111.9,105.5
